time;signal
0;386
0.2;379
0.4;379
0.6;374
0.8;374
1;379
1.2;388
1.4;385
1.6;384
1.8;385
2;381
2.2;376
2.4;375
2.6;381
2.8;377
3;378
3.2;382
3.4;378
3.6;380
3.8;372
4;380
4.2;392
4.4;394
4.6;389
4.8;389
5;388
5.2;381
5.4;379
5.6;381
5.8;380
6;376
6.2;382
6.4;382
6.6;379
6.8;379
7;378
7.2;382
7.4;375
7.6;375
7.8;372
8;381
8.2;377
8.4;379
8.6;383
8.8;377
9;381
9.2;386
9.4;389
9.6;387
9.8;394
10;384
10.2;380
10.4;379
10.6;378
10.8;379
11;381
11.2;379
11.4;376
11.6;378
11.8;376
12;379
12.2;378
12.4;389
12.6;376
12.8;391
13;383
13.2;378
13.4;378
13.6;383
13.8;378
14;381
14.2;387
14.4;380
14.6;385
14.8;381
15;385
15.2;394
15.4;387
15.6;390
15.8;392
16;393
16.2;376
16.4;378
16.6;375
16.8;378
17;384
17.2;376
17.4;376
17.6;381
17.8;379
18;380
18.2;379
18.4;377
18.6;379
18.8;380
19;381
19.2;382
19.4;388
19.6;385
19.8;382
20;381
20.2;384
20.4;393
20.6;388
20.8;391
21;392
21.2;383
21.4;379
21.6;380
21.8;382
22;379
22.2;381
22.4;377
22.6;388
22.8;380
23;380
23.2;386
23.4;380
23.6;381
23.8;380
24;378
24.2;381
24.4;377
24.6;378
24.8;377
25;379
25.2;393
25.4;391
25.6;387
25.8;389
26;390
26.2;378
26.4;384
26.6;373
26.8;378
27;381
27.2;378
27.4;378
27.6;379
27.8;380
28;379
28.2;377
28.4;378
28.6;381
28.8;378
29;377
29.2;380
29.4;374
29.6;386
29.8;377
30;377
30.2;387
30.4;394
30.6;391
30.8;387
31;390
31.2;377
31.4;379
31.6;379
31.8;381
32;376
32.2;383
32.4;384
32.6;383
32.8;388
33;384
33.2;381
33.4;380
33.6;380
33.8;380
34;378
34.2;380
34.4;378
34.6;376
34.8;376
35;381
35.2;395
35.4;393
35.6;393
35.8;388
36;391
36.2;383
36.4;382
36.6;379
36.8;382
37;378
37.2;384
37.4;381
37.6;386
37.8;384
38;387
38.2;384
38.4;378
38.6;380
38.8;384
39;382
39.2;377
39.4;387
39.6;381
39.8;382
40;377
40.2;384
40.4;383
40.6;383
40.8;384
41;384
41.2;380
41.4;378
41.6;381
41.8;378
42;381
42.2;380
42.4;376
42.6;383
42.8;379
43;377
43.2;377
43.4;378
43.6;378
43.8;375
44;379
44.2;379
44.4;379
44.6;378
44.8;379
45;371
45.2;390
45.4;393
45.6;388
45.8;390
46;390
46.2;376
46.4;382
46.6;385
46.8;381
47;379
47.2;378
47.4;374
47.6;376
47.8;383
48;381
48.2;387
48.4;381
48.6;379
48.8;377
49;380
49.2;377
49.4;378
49.6;378
49.8;379
50;381
50.2;376
50.4;380
50.6;376
50.8;382
51;378
51.2;383
51.4;386
51.6;386
51.8;385
52;385
52.2;392
52.4;392
52.6;390
52.8;392
53;390
53.2;379
53.4;383
53.6;381
53.8;381
54;382
54.2;382
54.4;378
54.6;378
54.8;387
55;381
55.2;381
55.4;381
55.6;385
55.8;383
56;384
56.2;384
56.4;376
56.6;381
56.8;381
57;379
57.2;405
57.4;403
57.6;401
57.8;397
58;402
58.2;383
58.4;374
58.6;377
58.8;377
59;384
59.2;376
59.4;377
59.6;385
59.8;379
60;380
60.2;378
60.4;375
60.6;382
60.8;377
61;382
61.2;378
61.4;381
61.6;377
61.8;382
62;379
62.2;391
62.4;392
62.6;394
62.8;394
63;395
63.2;382
63.4;377
63.6;376
63.8;381
64;375
64.2;378
64.4;375
64.6;376
64.8;380
65;379
65.2;372
65.4;381
65.6;374
65.8;380
66;380
66.2;378
66.4;378
66.6;379
66.8;376
67;382
67.2;396
67.4;389
67.6;390
67.8;394
68;400
68.2;380
68.4;379
68.6;378
68.8;384
69;383
69.2;385
69.4;374
69.6;384
69.8;382
70;381
70.2;383
70.4;377
70.6;380
70.8;377
71;376
71.2;386
71.4;384
71.6;391
71.8;386
72;388
72.2;392
72.4;395
72.6;394
72.8;393
73;393
73.2;372
73.4;378
73.6;381
73.8;376
74;381
74.2;378
74.4;383
74.6;376
74.8;380
75;380
75.2;408
75.4;407
75.6;406
75.8;405
76;411
76.2;385
76.4;393
76.6;382
76.8;383
77;388
77.2;377
77.4;385
77.6;380
77.8;374
78;383
78.2;378
78.4;380
78.6;384
78.8;379
79;382
79.2;377
79.4;380
79.6;378
79.8;373
80;381
80.2;392
80.4;398
80.6;390
80.8;396
81;395
81.2;381
81.4;378
81.6;379
81.8;377
82;379
82.2;377
82.4;380
82.6;381
82.8;376
83;382
83.2;378
83.4;379
83.6;383
83.8;376
84;377
84.2;380
84.4;377
84.6;380
84.8;374
85;375
85.2;391
85.4;393
85.6;389
85.8;390
86;393
86.2;378
86.4;377
86.6;382
86.8;378
87;381
87.2;374
87.4;378
87.6;379
87.8;378
88;383
88.2;382
88.4;373
88.6;384
88.8;381
89;381
89.2;383
89.4;387
89.6;384
89.8;382
90;386
90.2;377
90.4;378
90.6;382
90.8;376
91;380
91.2;380
91.4;378
91.6;378
91.8;379
92;374
92.2;393
92.4;393
92.6;392
92.8;393
93;392
93.2;383
93.4;380
93.6;381
93.8;375
94;380
94.2;379
94.4;383
94.6;381
94.8;384
95;381
95.2;379
95.4;381
95.6;380
95.8;383
96;382
96.2;380
96.4;379
96.6;380
96.8;374
97;378
97.2;385
97.4;394
97.6;393
97.8;400
98;398
98.2;383
98.4;375
98.6;380
98.8;377
99;376
99.2;383
99.4;379
99.6;374
99.8;376
100;382
100.2;380
100.4;380
100.6;378
100.8;379
101;381
101.2;377
101.4;376
101.6;379
101.8;384
102;376
102.2;387
102.4;394
102.6;391
102.8;386
103;390
103.2;377
103.4;380
103.6;380
103.8;372
104;372
104.2;377
104.4;379
104.6;379
104.8;378
105;379
105.2;376
105.4;379
105.6;381
105.8;379
106;377
106.2;378
106.4;382
106.6;375
106.8;381
107;375
107.2;386
107.4;386
107.6;386
107.8;389
108;382
108.2;388
108.4;393
108.6;395
108.8;393
109;394
109.2;384
109.4;381
109.6;378
109.8;382
110;378
110.2;377
110.4;380
110.6;379
110.8;376
111;379
111.2;378
111.4;378
111.6;379
111.8;377
112;388
112.2;386
112.4;389
112.6;386
112.8;384
113;386
113.2;378
113.4;373
113.6;380
113.8;380
114;372
114.2;390
114.4;392
114.6;390
114.8;391
115;390
115.2;380
115.4;381
115.6;379
115.8;378
116;373
116.2;380
116.4;375
116.6;379
116.8;377
117;377
117.2;378
117.4;378
117.6;380
117.8;373
118;385
118.2;378
118.4;381
118.6;379
118.8;378
119;376
119.2;394
119.4;394
119.6;391
119.8;397
120;389
120.2;381
120.4;381
120.6;382
120.8;385
121;376
121.2;374
121.4;384
121.6;380
121.8;378
122;381
122.2;382
122.4;381
122.6;375
122.8;376
123;378
123.2;378
123.4;383
123.6;379
123.8;377
124;378
124.2;394
124.4;392
124.6;392
124.8;394
125;395
125.2;384
125.4;377
125.6;381
125.8;376
126;380
126.2;376
126.4;383
126.6;386
126.8;383
127;378
127.2;381
127.4;383
127.6;379
127.8;381
128;379
128.2;376
128.4;381
128.6;379
128.8;379
129;374
129.2;385
129.4;385
129.6;387
129.8;386
130;383
130.2;396
130.4;396
130.6;393
130.8;395
131;390
131.2;376
131.4;378
131.6;377
131.8;388
132;375
132.2;382
132.4;376
132.6;380
132.8;379
133;379
133.2;377
133.4;378
133.6;384
133.8;378
134;378
134.2;383
134.4;385
134.6;388
134.8;388
135;385
135.2;388
135.4;397
135.6;394
135.8;394
136;390
136.2;384
136.4;375
136.6;379
136.8;378
137;377
137.2;385
137.4;377
137.6;381
137.8;371
138;376
138.2;384
138.4;378
138.6;380
138.8;377
139;381
139.2;375
139.4;379
139.6;380
139.8;382
140;380
140.2;385
140.4;392
140.6;396
140.8;398
141;394
141.2;381
141.4;382
141.6;381
141.8;378
142;376
142.2;380
142.4;380
142.6;379
142.8;383
143;378
143.2;375
143.4;369
143.6;378
143.8;377
144;379
144.2;381
144.4;376
144.6;381
144.8;378
145;377
145.2;387
145.4;386
145.6;387
145.8;387
146;382
146.2;377
146.4;381
146.6;379
146.8;378
147;379
147.2;378
147.4;378
147.6;380
147.8;380
148;379
148.2;378
148.4;378
148.6;377
148.8;374
149;376
149.2;381
149.4;383
149.6;383
149.8;382
150;379
150.2;376
150.4;380
150.6;381
150.8;380
151;372
151.2;380
151.4;387
151.6;388
151.8;387
152;386
152.2;392
152.4;389
152.6;392
152.8;395
153;396
153.2;381
153.4;382
153.6;381
153.8;375
154;378
154.2;379
154.4;378
154.6;376
154.8;384
155;378
155.2;383
155.4;384
155.6;378
155.8;381
156;384
156.2;384
156.4;379
156.6;372
156.8;377
157;380
157.2;393
157.4;392
157.6;397
157.8;397
158;393
158.2;382
158.4;383
158.6;378
158.8;378
159;379
159.2;379
159.4;380
159.6;386
159.8;379
160;383
160.2;375
160.4;376
160.6;378
160.8;384
161;379
161.2;375
161.4;380
161.6;377
161.8;377
162;377
162.2;386
162.4;381
162.6;385
162.8;384
163;389
163.2;379
163.4;380
163.6;375
163.8;380
164;378
164.2;380
164.4;380
164.6;379
164.8;376
165;382
165.2;381
165.4;380
165.6;384
165.8;384
166;384
166.2;379
166.4;376
166.6;382
166.8;379
167;382
167.2;391
167.4;393
167.6;394
167.8;397
168;390
168.2;383
168.4;385
168.6;384
168.8;385
169;386
169.2;381
169.4;379
169.6;378
169.8;377
170;376
170.2;387
170.4;386
170.6;380
170.8;387
171;377
171.2;382
171.4;381
171.6;390
171.8;378
172;377
172.2;386
172.4;389
172.6;380
172.8;387
173;387
173.2;385
173.4;387
173.6;386
173.8;386
174;386
174.2;382
174.4;387
174.6;379
174.8;375
175;382
175.2;417
175.4;421
175.6;421
175.8;415
176;421
176.2;382
176.4;378
176.6;381
176.8;380
177;375
177.2;377
177.4;379
177.6;380
177.8;382
178;380
178.2;380
178.4;379
178.6;377
178.8;377
179;382
179.2;380
179.4;383
179.6;381
179.8;377
180;378
180.2;392
180.4;395
180.6;391
180.8;393
181;391
181.2;385
181.4;382
181.6;377
181.8;379
182;380
182.2;378
182.4;384
182.6;379
182.8;376
183;378
183.2;382
183.4;379
183.6;381
183.8;380
184;380
184.2;380
184.4;381
184.6;380
184.8;378
185;379
185.2;392
185.4;392
185.6;390
185.8;390
186;392
186.2;389
186.4;385
186.6;388
186.8;384
187;382
187.2;381
187.4;380
187.6;378
187.8;377
188;382
188.2;378
188.4;383
188.6;381
188.8;382
189;386
189.2;378
189.4;373
189.6;385
189.8;380
190;378
190.2;389
190.4;395
190.6;394
190.8;397
191;395
191.2;389
191.4;385
191.6;384
191.8;384
192;386
192.2;376
192.4;378
192.6;377
192.8;378
193;378
193.2;377
193.4;373
193.6;381
193.8;381
194;375
194.2;378
194.4;379
194.6;379
194.8;383
195;379
195.2;390
195.4;394
195.6;396
195.8;391
196;391
196.2;382
196.4;379
196.6;377
196.8;378
197;386
197.2;382
197.4;378
197.6;375
197.8;377
198;380
198.2;376
198.4;380
198.6;383
198.8;380
199;375
199.2;379
199.4;374
199.6;382
199.8;380
200;379
200.2;392
200.4;396
200.6;395
200.8;395
201;395
201.2;384
201.4;381
201.6;380
201.8;380
202;379
202.2;381
202.4;383
202.6;379
202.8;376
203;382
203.2;382
203.4;378
203.6;379
203.8;384
204;380
204.2;387
204.4;387
204.6;387
204.8;388
205;383
205.2;398
205.4;388
205.6;391
205.8;391
206;392
206.2;384
206.4;376
206.6;384
206.8;379
207;381
207.2;383
207.4;379
207.6;378
207.8;377
208;380
208.2;378
208.4;379
208.6;377
208.8;379
209;378
209.2;379
209.4;389
209.6;382
209.8;387
210;391
210.2;398
210.4;400
210.6;398
210.8;402
211;395
211.2;391
211.4;380
211.6;382
211.8;380
212;378
212.2;378
212.4;377
212.6;378
212.8;377
213;386
213.2;379
213.4;374
213.6;376
213.8;382
214;378
214.2;380
214.4;380
214.6;378
214.8;377
215;381
215.2;386
215.4;387
215.6;388
215.8;385
216;387
216.2;377
216.4;378
216.6;378
216.8;379
217;376
217.2;381
217.4;380
217.6;380
217.8;379
218;379
218.2;381
218.4;382
218.6;376
218.8;375
219;380
219.2;384
219.4;375
219.6;377
219.8;385
220;383
220.2;390
220.4;394
220.6;394
220.8;396
221;392
221.2;380
221.4;377
221.6;380
221.8;381
222;382
222.2;382
222.4;385
222.6;385
222.8;386
223;384
223.2;398
223.4;395
223.6;395
223.8;394
224;390
224.2;383
224.4;378
224.6;377
224.8;376
225;382
225.2;380
225.4;388
225.6;380
225.8;381
226;383
226.2;386
226.4;376
226.6;379
226.8;382
227;378
227.2;384
227.4;378
227.6;381
227.8;382
228;378
228.2;396
228.4;403
228.6;401
228.8;401
229;401
229.2;376
229.4;379
229.6;378
229.8;379
230;381
230.2;372
230.4;382
230.6;383
230.8;381
231;381
231.2;379
231.4;374
231.6;377
231.8;381
232;383
232.2;377
232.4;380
232.6;376
232.8;377
233;384
233.2;393
233.4;393
233.6;393
233.8;391
234;392
234.2;381
234.4;376
234.6;380
234.8;385
235;383
235.2;381
235.4;388
235.6;390
235.8;384
236;386
236.2;377
236.4;378
236.6;377
236.8;377
237;379
237.2;381
237.4;379
237.6;381
237.8;381
238;384
238.2;395
238.4;390
238.6;394
238.8;399
239;392
239.2;379
239.4;381
239.6;378
239.8;383
240;379
240.2;391
240.4;382
240.6;388
240.8;392
241;390
241.2;403
241.4;415
241.6;415
241.8;409
242;401
242.2;381
242.4;381
242.6;386
242.8;381
243;382
243.2;383
243.4;379
243.6;379
243.8;378
244;381
244.2;378
244.4;377
244.6;378
244.8;376
245;377
245.2;380
245.4;380
245.6;382
245.8;378
246;384
246.2;391
246.4;397
246.6;399
246.8;394
247;399
247.2;380
247.4;378
247.6;385
247.8;380
248;384
248.2;380
248.4;379
248.6;383
248.8;380
249;380
249.2;376
249.4;377
249.6;379
249.8;379
250;382
250.2;380
250.4;380
250.6;384
250.8;379
251;384
251.2;394
251.4;391
251.6;397
251.8;396
252;395
252.2;386
252.4;382
252.6;372
252.8;379
253;389
253.2;386
253.4;386
253.6;385
253.8;386
254;388
254.2;377
254.4;377
254.6;375
254.8;383
255;377
255.2;380
255.4;375
255.6;382
255.8;380
256;385
256.2;407
256.4;410
256.6;406
256.8;409
257;397
257.2;388
257.4;384
257.6;386
257.8;385
258;380
258.2;433
258.4;426
258.6;427
258.8;426
259;425
259.2;388
259.4;392
259.6;394
259.8;388
260;392
260.2;381
260.4;387
260.6;380
260.8;376
261;385
261.2;382
261.4;382
261.6;374
261.8;383
262;375
262.2;377
262.4;383
262.6;379
262.8;382
263;378
263.2;383
263.4;377
263.6;379
263.8;379
264;381
264.2;396
264.4;395
264.6;393
264.8;394
265;396
265.2;379
265.4;379
265.6;380
265.8;382
266;379
266.2;387
266.4;389
266.6;386
266.8;386
267;390
267.2;380
267.4;376
267.6;383
267.8;377
268;377
268.2;376
268.4;376
268.6;379
268.8;383
269;384
269.2;402
269.4;403
269.6;402
269.8;404
270;404
270.2;381
270.4;377
270.6;382
270.8;381
271;378
271.2;379
271.4;375
271.6;380
271.8;383
272;380
272.2;386
272.4;388
272.6;383
272.8;389
273;387
273.2;386
273.4;379
273.6;379
273.8;382
274;382
274.2;390
274.4;395
274.6;392
274.8;396
275;396
275.2;385
275.4;386
275.6;378
275.8;381
276;379
276.2;378
276.4;380
276.6;379
276.8;379
277;382
277.2;379
277.4;381
277.6;378
277.8;380
278;384
278.2;382
278.4;383
278.6;380
278.8;379
279;382
279.2;389
279.4;394
279.6;384
279.8;385
280;389
280.2;393
280.4;394
280.6;394
280.8;398
281;394
281.2;376
281.4;379
281.6;382
281.8;379
282;380
282.2;382
282.4;378
282.6;381
282.8;379
283;381
283.2;378
283.4;387
283.6;384
283.8;378
284;382
284.2;377
284.4;384
284.6;378
284.8;377
285;378
285.2;388
285.4;391
285.6;391
285.8;389
286;385
286.2;385
286.4;386
286.6;388
286.8;385
287;391
287.2;382
287.4;380
287.6;382
287.8;375
288;380
288.2;382
288.4;375
288.6;382
288.8;382
289;379
289.2;384
289.4;384
289.6;378
289.8;374
290;378
290.2;378
290.4;381
290.6;379
290.8;381
291;382
291.2;396
291.4;396
291.6;401
291.8;394
292;394
292.2;387
292.4;390
292.6;385
292.8;388
293;384
293.2;385
293.4;383
293.6;381
293.8;387
294;376
294.2;377
294.4;383
294.6;380
294.8;383
295;390
295.2;385
295.4;381
295.6;384
295.8;381
296;379
296.2;392
296.4;399
296.6;396
296.8;396
297;396
297.2;386
297.4;380
297.6;380
297.8;379
298;380
298.2;393
298.4;392
298.6;390
298.8;386
299;385
299.2;385
299.4;382
299.6;384
299.8;382
300;380
300.2;381
300.4;385
300.6;380
300.8;381
301;384
301.2;404
301.4;401
301.6;403
301.8;403
302;404
302.2;383
302.4;381
302.6;381
302.8;381
303;387
303.2;384
303.4;379
303.6;383
303.8;379
304;381
304.2;379
304.4;384
304.6;382
304.8;378
305;380
305.2;380
305.4;378
305.6;382
305.8;383
306;374
306.2;391
306.4;395
306.6;392
306.8;396
307;396
307.2;384
307.4;382
307.6;379
307.8;377
308;376
308.2;377
308.4;381
308.6;380
308.8;384
309;380
309.2;396
309.4;401
309.6;403
309.8;400
310;401
310.2;383
310.4;378
310.6;382
310.8;381
311;386
311.2;388
311.4;385
311.6;388
311.8;384
312;389
312.2;384
312.4;378
312.6;378
312.8;375
313;380
313.2;383
313.4;380
313.6;377
313.8;376
314;378
314.2;394
314.4;394
314.6;390
314.8;393
315;397
315.2;391
315.4;396
315.6;395
315.8;394
316;400
316.2;389
316.4;387
316.6;387
316.8;387
317;386
317.2;385
317.4;382
317.6;384
317.8;384
318;381
318.2;384
318.4;381
318.6;376
318.8;376
319;377
319.2;374
319.4;380
319.6;384
319.8;375
320;384
320.2;391
320.4;390
320.6;394
320.8;391
321;396
321.2;377
321.4;382
321.6;378
321.8;382
322;376
322.2;379
322.4;380
322.6;381
322.8;376
323;379
323.2;379
323.4;380
323.6;378
323.8;376
324;378
324.2;376
324.4;380
324.6;382
324.8;377
325;377
325.2;394
325.4;393
325.6;394
325.8;394
326;394
326.2;377
326.4;376
326.6;380
326.8;384
327;379
327.2;374
327.4;376
327.6;375
327.8;375
328;376
328.2;379
328.4;377
328.6;375
328.8;380
329;380
329.2;386
329.4;387
329.6;382
329.8;380
330;382
330.2;387
330.4;396
330.6;394
330.8;391
331;396
331.2;377
331.4;368
331.6;378
331.8;377
332;381
332.2;378
332.4;379
332.6;375
332.8;377
333;381
333.2;391
333.4;392
333.6;391
333.8;394
334;391
334.2;387
334.4;377
334.6;384
334.8;382
335;385
335.2;389
335.4;391
335.6;387
335.8;391
336;398
336.2;374
336.4;374
336.6;372
336.8;372
337;373
337.2;376
337.4;373
337.6;375
337.8;375
338;371
338.2;374
338.4;372
338.6;367
338.8;373
339;360
339.2;365
339.4;364
339.6;362
339.8;370
340;367
340.2;391
340.4;386
340.6;393
340.8;392
341;403
341.2;397
341.4;401
341.6;410
341.8;415
342;422
342.2;433
342.4;438
342.6;451
342.8;457
343;472
343.2;484
343.4;496
343.6;503
343.8;522
344;536
344.2;547
344.4;574
344.6;576
344.8;592
345;613
345.2;638
345.4;660
345.6;673
345.8;688
346;711
346.2;717
346.4;731
346.6;749
346.8;768
347;790
347.2;814
347.4;833
347.6;858
347.8;884
348;908
348.2;917
348.4;932
348.6;962
348.8;989
349;1008
349.2;1041
349.4;1061
349.6;1080
349.8;1103
350;1125
350.2;1160
350.4;1187
350.6;1204
350.8;1218
351;1245
351.2;1247
351.4;1262
351.6;1280
351.8;1294
352;1311
352.2;1329
352.4;1346
352.6;1358
352.8;1378
353;1385
353.2;1407
353.4;1416
353.6;1429
353.8;1435
354;1439
354.2;1439
354.4;1445
354.6;1453
354.8;1458
355;1461
355.2;1479
355.4;1489
355.6;1490
355.8;1494
356;1506
356.2;1493
356.4;1507
356.6;1502
356.8;1507
357;1505
357.2;1505
357.4;1518
357.6;1520
357.8;1524
358;1524
358.2;1531
358.4;1532
358.6;1533
358.8;1540
359;1548
359.2;1542
359.4;1548
359.6;1547
359.8;1549
360;1555
360.2;1554
360.4;1552
360.6;1553
360.8;1560
361;1557
361.2;1568
361.4;1572
361.6;1573
361.8;1567
362;1579
362.2;1558
362.4;1566
362.6;1569
362.8;1562
363;1564
363.2;1574
363.4;1565
363.6;1559
363.8;1569
364;1565
364.2;1558
364.4;1559
364.6;1555
364.8;1558
365;1547
365.2;1550
365.4;1542
365.6;1540
365.8;1526
366;1519
366.2;1516
366.4;1499
366.6;1487
366.8;1471
367;1466
367.2;1435
367.4;1412
367.6;1405
367.8;1382
368;1367
368.2;1343
368.4;1326
368.6;1304
368.8;1282
369;1262
369.2;1241
369.4;1217
369.6;1198
369.8;1182
370;1163
370.2;1134
370.4;1113
370.6;1098
370.8;1073
371;1049
371.2;1033
371.4;1010
371.6;984
371.8;962
372;938
372.2;924
372.4;901
372.6;881
372.8;860
373;833
373.2;801
373.4;778
373.6;755
373.8;733
374;710
374.2;695
374.4;678
374.6;656
374.8;640
375;623
375.2;607
375.4;589
375.6;581
375.8;563
376;549
376.2;542
376.4;526
376.6;512
376.8;501
377;495
377.2;505
377.4;491
377.6;479
377.8;474
378;469
378.2;442
378.4;440
378.6;428
378.8;427
379;417
379.2;404
379.4;400
379.6;400
379.8;391
380;396
380.2;392
380.4;392
380.6;392
380.8;388
381;397
381.2;397
381.4;397
381.6;395
381.8;395
382;394
382.2;407
382.4;406
382.6;410
382.8;403
383;402
383.2;393
383.4;384
383.6;382
383.8;386
384;377
384.2;391
384.4;388
384.6;387
384.8;391
385;389
385.2;381
385.4;381
385.6;379
385.8;381
386;381
386.2;382
386.4;381
386.6;385
386.8;378
387;375
387.2;393
387.4;393
387.6;394
387.8;396
388;398
388.2;375
388.4;377
388.6;377
388.8;373
389;373
389.2;380
389.4;374
389.6;375
389.8;376
390;380
390.2;371
390.4;369
390.6;373
390.8;378
391;376
391.2;384
391.4;376
391.6;380
391.8;383
392;385
392.2;383
392.4;386
392.6;382
392.8;388
393;383
393.2;378
393.4;384
393.6;378
393.8;380
394;382
394.2;379
394.4;372
394.6;384
394.8;379
395;378
395.2;380
395.4;378
395.6;380
395.8;376
396;380
396.2;384
396.4;381
396.6;376
396.8;378
397;379
397.2;386
397.4;388
397.6;385
397.8;387
398;395
398.2;397
398.4;397
398.6;400
398.8;403
399;401
399.2;387
399.4;390
399.6;381
399.8;382
400;384
400.2;386
400.4;385
400.6;383
400.8;384
401;386
401.2;386
401.4;384
401.6;387
401.8;383
402;386
402.2;385
402.4;383
402.6;388
402.8;381
403;386
403.2;393
403.4;401
403.6;396
403.8;397
404;391
404.2;397
404.4;388
404.6;391
404.8;388
405;389
405.2;380
405.4;380
405.6;384
405.8;387
406;378
406.2;384
406.4;386
406.6;385
406.8;387
407;385
407.2;385
407.4;384
407.6;382
407.8;384
408;384
408.2;390
408.4;399
408.6;394
408.8;401
409;399
409.2;379
409.4;377
409.6;381
409.8;383
410;384
410.2;381
410.4;377
410.6;381
410.8;377
411;382
411.2;408
411.4;408
411.6;413
411.8;410
412;402
412.2;395
412.4;388
412.6;390
412.8;389
413;392
413.2;380
413.4;379
413.6;383
413.8;381
414;382
414.2;384
414.4;378
414.6;378
414.8;379
415;376
415.2;377
415.4;379
415.6;380
415.8;375
416;379
416.2;383
416.4;389
416.6;387
416.8;389
417;388
417.2;383
417.4;378
417.6;384
417.8;381
418;382
418.2;385
418.4;385
418.6;381
418.8;384
419;384
419.2;384
419.4;388
419.6;384
419.8;387
420;381
420.2;383
420.4;381
420.6;381
420.8;379
421;382
421.2;392
421.4;387
421.6;390
421.8;389
422;382
422.2;386
422.4;381
422.6;381
422.8;379
423;383
423.2;385
423.4;384
423.6;383
423.8;385
424;383
424.2;386
424.4;379
424.6;380
424.8;380
425;382
425.2;390
425.4;395
425.6;393
425.8;386
426;392
426.2;394
426.4;398
426.6;392
426.8;395
427;397
427.2;385
427.4;384
427.6;381
427.8;381
428;381
428.2;385
428.4;383
428.6;384
428.8;381
429;386
429.2;389
429.4;385
429.6;380
429.8;378
430;379
430.2;382
430.4;389
430.6;383
430.8;378
431;382
431.2;387
431.4;388
431.6;386
431.8;391
432;387
432.2;397
432.4;401
432.6;398
432.8;396
433;398
433.2;386
433.4;377
433.6;383
433.8;384
434;383
434.2;386
434.4;384
434.6;384
434.8;380
435;380
435.2;382
435.4;382
435.6;376
435.8;385
436;383
436.2;377
436.4;382
436.6;383
436.8;386
437;380
437.2;393
437.4;393
437.6;399
437.8;401
438;402
438.2;389
438.4;387
438.6;386
438.8;389
439;387
439.2;379
439.4;379
439.6;385
439.8;385
440;384
440.2;385
440.4;385
440.6;385
440.8;378
441;380
441.2;380
441.4;380
441.6;380
441.8;384
442;381
442.2;393
442.4;394
442.6;391
442.8;387
443;387
443.2;382
443.4;379
443.6;386
443.8;381
444;386
444.2;394
444.4;391
444.6;389
444.8;393
445;388
445.2;386
445.4;384
445.6;386
445.8;380
446;385
446.2;380
446.4;379
446.6;385
446.8;385
447;382
447.2;393
447.4;396
447.6;388
447.8;402
448;403
448.2;384
448.4;381
448.6;384
448.8;384
449;384
449.2;388
449.4;380
449.6;388
449.8;385
450;384
450.2;383
450.4;381
450.6;378
450.8;385
451;382
451.2;385
451.4;387
451.6;387
451.8;388
452;389
452.2;382
452.4;384
452.6;383
452.8;380
453;385
453.2;390
453.4;391
453.6;390
453.8;390
454;391
454.2;383
454.4;383
454.6;380
454.8;383
455;385
455.2;379
455.4;381
455.6;381
455.8;373
456;384
456.2;379
456.4;380
456.6;382
456.8;384
457;379
457.2;385
457.4;386
457.6;391
457.8;390
458;388
458.2;391
458.4;394
458.6;392
458.8;395
459;394
459.2;385
459.4;374
459.6;383
459.8;379
460;380
460.2;385
460.4;380
460.6;383
460.8;384
461;381
461.2;384
461.4;386
461.6;383
461.8;386
462;375
462.2;380
462.4;384
462.6;383
462.8;383
463;384
463.2;392
463.4;395
463.6;394
463.8;396
464;398
464.2;392
464.4;390
464.6;386
464.8;389
465;391
465.2;384
465.4;380
465.6;383
465.8;380
466;383
466.2;377
466.4;386
466.6;385
466.8;383
467;382
467.2;382
467.4;388
467.6;378
467.8;381
468;375
468.2;399
468.4;396
468.6;400
468.8;394
469;401
469.2;383
469.4;383
469.6;385
469.8;383
470;384
470.2;384
470.4;380
470.6;382
470.8;388
471;383
471.2;389
471.4;389
471.6;387
471.8;391
472;388
472.2;381
472.4;385
472.6;388
472.8;382
473;383
473.2;394
473.4;400
473.6;392
473.8;402
474;396
474.2;384
474.4;379
474.6;381
474.8;383
475;381
475.2;382
475.4;384
475.6;384
475.8;382
476;381
476.2;382
476.4;385
476.6;388
476.8;384
477;382
477.2;390
477.4;385
477.6;388
477.8;388
478;388
478.2;396
478.4;395
478.6;395
478.8;395
479;397
479.2;381
479.4;380
479.6;381
479.8;383
480;380
480.2;384
480.4;383
480.6;380
480.8;380
481;386
481.2;383
481.4;379
481.6;375
481.8;379
482;384
482.2;385
482.4;383
482.6;382
482.8;382
483;383
483.2;395
483.4;391
483.6;400
483.8;400
484;396
484.2;391
484.4;386
484.6;389
484.8;388
485;393
485.2;384
485.4;379
485.6;385
485.8;381
486;381
486.2;384
486.4;384
486.6;386
486.8;373
487;382
487.2;383
487.4;379
487.6;380
487.8;380
488;380
488.2;395
488.4;394
488.6;398
488.8;400
489;396
489.2;382
489.4;383
489.6;384
489.8;383
490;385
490.2;385
490.4;382
490.6;384
490.8;381
491;381
491.2;391
491.4;397
491.6;392
491.8;398
492;399
492.2;394
492.4;390
492.6;390
492.8;386
493;384
493.2;383
493.4;384
493.6;382
493.8;380
494;384
494.2;382
494.4;384
494.6;384
494.8;384
495;385
495.2;383
495.4;378
495.6;384
495.8;381
496;385
496.2;393
496.4;398
496.6;398
496.8;402
497;394
497.2;393
497.4;392
497.6;391
497.8;389
498;387
498.2;385
498.4;374
498.6;382
498.8;379
499;384
499.2;393
499.4;393
499.6;396
499.8;397
500;396
500.2;380
500.4;376
500.6;383
500.8;383
501;381
501.2;399
501.4;394
501.6;394
501.8;393
502;395
502.2;385
502.4;383
502.6;380
502.8;380
503;379
503.2;386
503.4;382
503.6;382
503.8;378
504;380
504.2;384
504.4;386
504.6;382
504.8;381
505;379
505.2;381
505.4;380
505.6;384
505.8;386
506;380
506.2;394
506.4;396
506.6;400
506.8;395
507;398
507.2;386
507.4;381
507.6;383
507.8;384
508;384
508.2;382
508.4;382
508.6;383
508.8;381
509;379
509.2;377
509.4;378
509.6;383
509.8;385
510;381
510.2;384
510.4;383
510.6;381
510.8;381
511;380
511.2;390
511.4;393
511.6;382
511.8;389
512;383
512.2;377
512.4;378
512.6;380
512.8;379
513;381
513.2;388
513.4;400
513.6;394
513.8;397
514;392
514.2;380
514.4;377
514.6;381
514.8;372
515;380
515.2;388
515.4;390
515.6;390
515.8;384
516;389
516.2;380
516.4;384
516.6;384
516.8;379
517;383
517.2;380
517.4;380
517.6;384
517.8;384
518;383
518.2;392
518.4;399
518.6;400
518.8;398
519;392
519.2;384
519.4;384
519.6;380
519.8;384
520;382
520.2;379
520.4;381
520.6;379
520.8;384
521;378
521.2;381
521.4;385
521.6;384
521.8;380
522;381
522.2;378
522.4;382
522.6;385
522.8;378
523;378
523.2;388
523.4;395
523.6;390
523.8;394
524;394
524.2;378
524.4;383
524.6;379
524.8;382
525;380
525.2;382
525.4;380
525.6;386
525.8;383
526;381
526.2;382
526.4;383
526.6;381
526.8;380
527;381
527.2;379
527.4;384
527.6;381
527.8;384
528;383
528.2;383
528.4;389
528.6;392
528.8;387
529;389
529.2;390
529.4;392
529.6;389
529.8;389
530;387
530.2;383
530.4;377
530.6;374
530.8;381
531;378
531.2;381
531.4;383
531.6;380
531.8;383
532;381
532.2;387
532.4;381
532.6;381
532.8;381
533;388
533.2;385
533.4;386
533.6;386
533.8;387
534;383
534.2;393
534.4;385
534.6;388
534.8;393
535;391
535.2;387
535.4;378
535.6;382
535.8;386
536;381
536.2;385
536.4;381
536.6;378
536.8;382
537;384
537.2;388
537.4;384
537.6;393
537.8;392
538;393
538.2;380
538.4;383
538.6;384
538.8;378
539;380
539.2;392
539.4;393
539.6;394
539.8;392
540;388
540.2;385
540.4;381
540.6;385
540.8;384
541;379
541.2;377
541.4;382
541.6;381
541.8;378
542;380
542.2;384
542.4;384
542.6;378
542.8;384
543;382
543.2;382
543.4;379
543.6;381
543.8;379
544;381
544.2;399
544.4;399
544.6;398
544.8;396
545;392
545.2;386
545.4;382
545.6;384
545.8;383
546;380
546.2;381
546.4;379
546.6;382
546.8;386
547;383
547.2;381
547.4;383
547.6;379
547.8;379
548;378
548.2;381
548.4;379
548.6;384
548.8;380
549;376
549.2;384
549.4;394
549.6;394
549.8;390
550;393
550.2;385
550.4;381
550.6;385
550.8;385
551;384
551.2;387
551.4;391
551.6;383
551.8;390
552;388
552.2;387
552.4;385
552.6;382
552.8;384
553;381
553.2;385
553.4;389
553.6;380
553.8;385
554;383
554.2;388
554.4;393
554.6;388
554.8;391
555;388
555.2;389
555.4;392
555.6;390
555.8;390
556;395
556.2;387
556.4;384
556.6;384
556.8;384
557;384
557.2;395
557.4;396
557.6;396
557.8;397
558;395
558.2;388
558.4;387
558.6;383
558.8;386
559;386
559.2;384
559.4;383
559.6;388
559.8;384
560;389
560.2;398
560.4;405
560.6;403
560.8;395
561;398
561.2;382
561.4;376
561.6;385
561.8;382
562;383
562.2;381
562.4;376
562.6;379
562.8;379
563;379
563.2;379
563.4;381
563.6;379
563.8;377
564;378
564.2;385
564.4;380
564.6;382
564.8;379
565;381
565.2;399
565.4;403
565.6;405
565.8;399
566;406
566.2;383
566.4;379
566.6;380
566.8;380
567;384
567.2;375
567.4;382
567.6;379
567.8;381
568;377
568.2;381
568.4;377
568.6;378
568.8;384
569;382
569.2;389
569.4;385
569.6;388
569.8;384
570;380
570.2;385
570.4;388
570.6;387
570.8;387
571;388
571.2;378
571.4;376
571.6;381
571.8;377
572;384
572.2;375
572.4;382
572.6;372
572.8;381
573;376
573.2;381
573.4;381
573.6;379
573.8;378
574;383
574.2;384
574.4;379
574.6;383
574.8;377
575;377
575.2;392
575.4;392
575.6;387
575.8;390
576;386
576.2;379
576.4;379
576.6;377
576.8;380
577;378
577.2;383
577.4;382
577.6;381
577.8;381
578;383
578.2;386
578.4;385
578.6;385
578.8;385
579;391
579.2;378
579.4;374
579.6;379
579.8;378
580;378
580.2;384
580.4;385
580.6;385
580.8;387
581;386
581.2;375
581.4;373
581.6;379
581.8;374
582;378
582.2;375
582.4;371
582.6;370
582.8;368
583;367
583.2;369
583.4;365
583.6;366
583.8;365
584;366
584.2;364
584.4;366
584.6;366
584.8;363
585;364
585.2;388
585.4;388
585.6;398
585.8;401
586;397
586.2;393
586.4;402
586.6;412
586.8;419
587;436
587.2;441
587.4;458
587.6;471
587.8;486
588;509
588.2;538
588.4;563
588.6;589
588.8;607
589;624
589.2;643
589.4;668
589.6;691
589.8;709
590;741
590.2;764
590.4;797
590.6;824
590.8;849
591;882
591.2;915
591.4;944
591.6;979
591.8;1012
592;1048
592.2;1089
592.4;1127
592.6;1164
592.8;1197
593;1239
593.2;1296
593.4;1338
593.6;1366
593.8;1409
594;1443
594.2;1445
594.4;1482
594.6;1504
594.8;1550
595;1573
595.2;1600
595.4;1628
595.6;1661
595.8;1678
596;1696
596.2;1719
596.4;1738
596.6;1749
596.8;1765
597;1782
597.2;1793
597.4;1805
597.6;1824
597.8;1832
598;1833
598.2;1862
598.4;1869
598.6;1879
598.8;1896
599;1896
599.2;1891
599.4;1900
599.6;1900
599.8;1906
600;1904
600.2;1914
600.4;1918
600.6;1928
600.8;1925
601;1927
601.2;1923
601.4;1927
601.6;1926
601.8;1922
602;1916
602.2;1926
602.4;1926
602.6;1925
602.8;1928
603;1928
603.2;1948
603.4;1952
603.6;1947
603.8;1954
604;1961
604.2;1951
604.4;1957
604.6;1956
604.8;1973
605;1970
605.2;1973
605.4;1982
605.6;1987
605.8;2004
606;2005
606.2;2013
606.4;2020
606.6;2028
606.8;2041
607;2043
607.2;2047
607.4;2051
607.6;2058
607.8;2065
608;2064
608.2;2064
608.4;2068
608.6;2073
608.8;2080
609;2078
609.2;2078
609.4;2088
609.6;2076
609.8;2075
610;2069
610.2;2071
610.4;2065
610.6;2056
610.8;2041
611;2031
611.2;1999
611.4;1983
611.6;1967
611.8;1946
612;1924
612.2;1902
612.4;1883
612.6;1853
612.8;1829
613;1800
613.2;1765
613.4;1740
613.6;1710
613.8;1678
614;1639
614.2;1603
614.4;1568
614.6;1540
614.8;1501
615;1458
615.2;1429
615.4;1394
615.6;1351
615.8;1316
616;1270
616.2;1218
616.4;1179
616.6;1135
616.8;1099
617;1058
617.2;1025
617.4;985
617.6;952
617.8;925
618;890
618.2;856
618.4;832
618.6;808
618.8;785
619;758
619.2;734
619.4;709
619.6;689
619.8;676
620;649
620.2;642
620.4;628
620.6;606
620.8;583
621;568
621.2;540
621.4;514
621.6;502
621.8;489
622;470
622.2;467
622.4;460
622.6;445
622.8;432
623;424
623.2;416
623.4;406
623.6;408
623.8;407
624;405
624.2;404
624.4;410
624.6;406
624.8;411
625;404
625.2;430
625.4;435
625.6;435
625.8;428
626;432
626.2;407
626.4;412
626.6;405
626.8;407
627;404
627.2;401
627.4;401
627.6;405
627.8;403
628;397
628.2;393
628.4;396
628.6;393
628.8;398
629;389
629.2;392
629.4;389
629.6;388
629.8;384
630;385
630.2;397
630.4;407
630.6;395
630.8;392
631;397
631.2;384
631.4;379
631.6;380
631.8;382
632;378
632.2;379
632.4;377
632.6;384
632.8;379
633;379
633.2;380
633.4;383
633.6;378
633.8;377
634;380
634.2;376
634.4;376
634.6;373
634.8;374
635;374
635.2;380
635.4;381
635.6;381
635.8;379
636;386
636.2;387
636.4;388
636.6;386
636.8;391
637;391
637.2;375
637.4;378
637.6;373
637.8;377
638;380
638.2;381
638.4;384
638.6;380
638.8;381
639;383
639.2;378
639.4;386
639.6;381
639.8;382
640;381
640.2;389
640.4;387
640.6;395
640.8;394
641;387
641.2;396
641.4;401
641.6;403
641.8;395
642;392
642.2;383
642.4;382
642.6;382
642.8;381
643;387
643.2;379
643.4;384
643.6;384
643.8;386
644;384
644.2;392
644.4;385
644.6;385
644.8;391
645;389
645.2;388
645.4;392
645.6;389
645.8;390
646;386
646.2;400
646.4;404
646.6;401
646.8;404
647;406
647.2;387
647.4;386
647.6;389
647.8;384
648;382
648.2;381
648.4;388
648.6;380
648.8;382
649;382
649.2;384
649.4;385
649.6;388
649.8;379
650;381
650.2;381
650.4;380
650.6;382
650.8;383
651;384
651.2;381
651.4;383
651.6;385
651.8;387
652;385
652.2;399
652.4;396
652.6;402
652.8;400
653;400
653.2;394
653.4;394
653.6;392
653.8;390
654;390
654.2;383
654.4;379
654.6;380
654.8;387
655;376
655.2;417
655.4;424
655.6;422
655.8;427
656;426
656.2;387
656.4;384
656.6;379
656.8;384
657;379
657.2;385
657.4;382
657.6;382
657.8;381
658;383
658.2;389
658.4;388
658.6;394
658.8;387
659;386
659.2;383
659.4;383
659.6;382
659.8;384
660;385
660.2;399
660.4;390
660.6;401
660.8;400
661;396
661.2;383
661.4;388
661.6;384
661.8;384
662;384
662.2;384
662.4;385
662.6;387
662.8;382
663;383
663.2;380
663.4;388
663.6;389
663.8;383
664;384
664.2;385
664.4;380
664.6;383
664.8;385
665;383
665.2;395
665.4;396
665.6;398
665.8;399
666;396
666.2;386
666.4;390
666.6;387
666.8;388
667;383
667.2;385
667.4;384
667.6;383
667.8;385
668;380
668.2;382
668.4;388
668.6;385
668.8;384
669;383
669.2;382
669.4;385
669.6;386
669.8;383
670;383
670.2;380
670.4;382
670.6;381
670.8;380
671;382
671.2;384
671.4;391
671.6;390
671.8;388
672;391
672.2;395
672.4;402
672.6;398
672.8;399
673;393
673.2;382
673.4;385
673.6;381
673.8;381
674;383
674.2;385
674.4;380
674.6;388
674.8;383
675;381
675.2;382
675.4;384
675.6;385
675.8;383
676;382
676.2;388
676.4;387
676.6;391
676.8;388
677;392
677.2;396
677.4;393
677.6;390
677.8;396
678;402
678.2;386
678.4;383
678.6;381
678.8;379
679;375
679.2;383
679.4;388
679.6;384
679.8;382
680;381
680.2;382
680.4;384
680.6;388
680.8;382
681;381
681.2;388
681.4;389
681.6;388
681.8;386
682;387
682.2;379
682.4;383
682.6;384
682.8;386
683;380
683.2;396
683.4;400
683.6;401
683.8;400
684;397
684.2;386
684.4;380
684.6;382
684.8;382
685;380
685.2;380
685.4;380
685.6;377
685.8;379
686;387
686.2;384
686.4;384
686.6;384
686.8;382
687;385
687.2;382
687.4;380
687.6;381
687.8;384
688;375
688.2;380
688.4;382
688.6;384
688.8;385
689;384
689.2;388
689.4;396
689.6;386
689.8;390
690;389
690.2;396
690.4;401
690.6;396
690.8;392
691;394
691.2;387
691.4;385
691.6;383
691.8;381
692;386
692.2;387
692.4;382
692.6;388
692.8;384
693;382
693.2;381
693.4;382
693.6;383
693.8;385
694;386
694.2;384
694.4;382
694.6;378
694.8;386
695;387
695.2;388
695.4;388
695.6;388
695.8;392
696;387
696.2;395
696.4;396
696.6;395
696.8;396
697;397
697.2;389
697.4;388
697.6;384
697.8;383
698;384
698.2;381
698.4;384
698.6;385
698.8;383
699;378
699.2;386
699.4;381
699.6;383
699.8;388
700;385
700.2;379
700.4;384
700.6;388
700.8;385
701;383
701.2;393
701.4;401
701.6;397
701.8;397
702;400
702.2;392
702.4;387
702.6;389
702.8;386
703;389
703.2;383
703.4;387
703.6;383
703.8;380
704;383
704.2;380
704.4;382
704.6;381
704.8;379
705;382
705.2;387
705.4;384
705.6;385
705.8;381
706;385
706.2;393
706.4;396
706.6;394
706.8;402
707;400
707.2;388
707.4;383
707.6;379
707.8;381
708;383
708.2;380
708.4;384
708.6;384
708.8;382
709;385
709.2;421
709.4;421
709.6;423
709.8;424
710;419
710.2;385
710.4;381
710.6;378
710.8;378
711;386
711.2;382
711.4;384
711.6;383
711.8;383
712;381
712.2;383
712.4;384
712.6;384
712.8;376
713;380
713.2;381
713.4;384
713.6;382
713.8;378
714;384
714.2;386
714.4;393
714.6;388
714.8;389
715;387
715.2;389
715.4;388
715.6;381
715.8;384
716;382
716.2;383
716.4;379
716.6;382
716.8;384
717;383
717.2;387
717.4;387
717.6;387
717.8;388
718;388
718.2;383
718.4;381
718.6;379
718.8;378
719;382
719.2;379
719.4;381
719.6;379
719.8;387
720;384
720.2;388
720.4;388
720.6;388
720.8;388
721;392
721.2;381
721.4;379
721.6;384
721.8;382
722;377
722.2;383
722.4;391
722.6;386
722.8;382
723;388
723.2;416
723.4;412
723.6;410
723.8;412
724;413
724.2;409
724.4;402
724.6;409
724.8;413
725;415
725.2;413
725.4;419
725.6;413
725.8;414
726;416
726.2;418
726.4;418
726.6;411
726.8;409
727;410
727.2;407
727.4;408
727.6;413
727.8;410
728;407
728.2;392
728.4;389
728.6;389
728.8;390
729;389
729.2;388
729.4;381
729.6;384
729.8;382
730;386
730.2;383
730.4;386
730.6;381
730.8;383
731;385
731.2;381
731.4;381
731.6;383
731.8;380
732;382
732.2;410
732.4;416
732.6;415
732.8;414
733;417
733.2;415
733.4;416
733.6;412
733.8;413
734;416
734.2;417
734.4;421
734.6;423
734.8;424
735;423
735.2;383
735.4;376
735.6;385
735.8;384
736;386
736.2;387
736.4;385
736.6;379
736.8;381
737;385
737.2;386
737.4;378
737.6;383
737.8;383
738;380
738.2;388
738.4;385
738.6;386
738.8;390
739;388
739.2;403
739.4;404
739.6;408
739.8;405
740;408
740.2;385
740.4;379
740.6;381
740.8;379
741;381
741.2;386
741.4;383
741.6;384
741.8;378
742;380
742.2;381
742.4;381
742.6;380
742.8;382
743;382
743.2;384
743.4;383
743.6;375
743.8;380
744;382
744.2;403
744.4;409
744.6;408
744.8;404
745;404
745.2;377
745.4;383
745.6;380
745.8;383
746;386
746.2;379
746.4;383
746.6;382
746.8;385
747;381
747.2;377
747.4;379
747.6;379
747.8;383
748;379
748.2;381
748.4;385
748.6;378
748.8;380
749;385
749.2;391
749.4;395
749.6;394
749.8;397
750;397
750.2;379
750.4;381
750.6;380
750.8;378
751;384
751.2;392
751.4;390
751.6;389
751.8;388
752;389
752.2;385
752.4;380
752.6;379
752.8;382
753;382
753.2;378
753.4;381
753.6;383
753.8;384
754;379
754.2;398
754.4;395
754.6;397
754.8;395
755;396
755.2;386
755.4;384
755.6;384
755.8;384
756;382
756.2;386
756.4;391
756.6;390
756.8;392
757;389
757.2;387
757.4;383
757.6;386
757.8;380
758;384
758.2;379
758.4;380
758.6;378
758.8;379
759;380
759.2;389
759.4;392
759.6;398
759.8;398
760;396
760.2;382
760.4;381
760.6;382
760.8;381
761;381
761.2;377
761.4;382
761.6;379
761.8;388
762;381
762.2;378
762.4;382
762.6;386
762.8;381
763;380
763.2;383
763.4;382
763.6;379
763.8;377
764;384
764.2;398
764.4;394
764.6;396
764.8;397
765;397
765.2;384
765.4;383
765.6;385
765.8;381
766;382
766.2;386
766.4;384
766.6;383
766.8;384
767;379
767.2;380
767.4;384
767.6;383
767.8;376
768;381
768.2;381
768.4;380
768.6;386
768.8;384
769;386
769.2;388
769.4;389
769.6;388
769.8;388
770;388
770.2;398
770.4;397
770.6;400
770.8;392
771;393
771.2;383
771.4;382
771.6;381
771.8;382
772;382
772.2;378
772.4;379
772.6;382
772.8;384
773;386
773.2;381
773.4;385
773.6;388
773.8;377
774;384
774.2;388
774.4;390
774.6;392
774.8;390
775;388
775.2;387
775.4;397
775.6;395
775.8;400
776;397
776.2;387
776.4;384
776.6;382
776.8;383
777;384
777.2;384
777.4;380
777.6;378
777.8;375
778;381
778.2;381
778.4;386
778.6;382
778.8;382
779;382
779.2;384
779.4;379
779.6;380
779.8;383
780;381
780.2;394
780.4;392
780.6;398
780.8;404
781;395
781.2;381
781.4;381
781.6;381
781.8;381
782;377
782.2;379
782.4;375
782.6;380
782.8;384
783;381
783.2;380
783.4;384
783.6;384
783.8;380
784;386
784.2;377
784.4;384
784.6;381
784.8;380
785;377
785.2;394
785.4;399
785.6;391
785.8;400
786;391
786.2;380
786.4;384
786.6;381
786.8;385
787;384
787.2;381
787.4;382
787.6;384
787.8;378
788;376
788.2;382
788.4;376
788.6;380
788.8;383
789;378
789.2;379
789.4;383
789.6;380
789.8;380
790;386
790.2;383
790.4;380
790.6;382
790.8;379
791;379
791.2;377
791.4;386
791.6;388
791.8;390
792;389
792.2;396
792.4;394
792.6;394
792.8;400
793;389
793.2;404
793.4;411
793.6;406
793.8;411
794;411
794.2;384
794.4;385
794.6;379
794.8;383
795;384
795.2;387
795.4;392
795.6;388
795.8;392
796;386
796.2;383
796.4;384
796.6;383
796.8;375
797;380
797.2;379
797.4;379
797.6;378
797.8;383
798;381
798.2;398
798.4;393
798.6;397
798.8;398
799;396
799.2;384
799.4;384
799.6;380
799.8;382
800;380
800.2;381
800.4;379
800.6;383
800.8;382
801;378
801.2;384
801.4;380
801.6;382
801.8;385
802;380
802.2;383
802.4;380
802.6;379
802.8;381
803;380
803.2;394
803.4;398
803.6;393
803.8;401
804;393
804.2;386
804.4;389
804.6;382
804.8;384
805;381
805.2;377
805.4;378
805.6;383
805.8;380
806;385
806.2;385
806.4;382
806.6;380
806.8;384
807;387
807.2;377
807.4;381
807.6;380
807.8;380
808;374
808.2;386
808.4;390
808.6;389
808.8;389
809;388
809.2;393
809.4;395
809.6;394
809.8;395
810;396
810.2;384
810.4;384
810.6;382
810.8;388
811;382
811.2;379
811.4;383
811.6;380
811.8;380
812;379
812.2;378
812.4;381
812.6;387
812.8;384
813;381
813.2;387
813.4;392
813.6;392
813.8;394
814;387
814.2;402
814.4;399
814.6;399
814.8;398
815;396
815.2;381
815.4;385
815.6;380
815.8;379
816;382
816.2;377
816.4;381
816.6;381
816.8;382
817;381
817.2;385
817.4;378
817.6;379
817.8;373
818;385
818.2;380
818.4;382
818.6;381
818.8;386
819;382
819.2;386
819.4;383
819.6;380
819.8;378
820;379
820.2;395
820.4;397
820.6;394
820.8;399
821;398
821.2;384
821.4;383
821.6;382
821.8;383
822;386
822.2;382
822.4;378
822.6;382
822.8;380
823;383
823.2;384
823.4;381
823.6;382
823.8;379
824;386
824.2;376
824.4;381
824.6;384
824.8;371
825;381
825.2;396
825.4;399
825.6;396
825.8;394
826;395
826.2;384
826.4;389
826.6;394
826.8;386
827;391
827.2;381
827.4;380
827.6;383
827.8;378
828;374
828.2;383
828.4;377
828.6;387
828.8;379
829;383
829.2;383
829.4;380
829.6;376
829.8;385
830;379
830.2;388
830.4;396
830.6;396
830.8;393
831;392
831.2;386
831.4;391
831.6;393
831.8;392
832;392
832.2;383
832.4;381
832.6;378
832.8;381
833;376
833.2;381
833.4;381
833.6;377
833.8;378
834;384
834.2;382
834.4;382
834.6;380
834.8;382
835;378
835.2;392
835.4;393
835.6;392
835.8;398
836;391
836.2;380
836.4;383
836.6;388
836.8;382
837;380
837.2;387
837.4;384
837.6;378
837.8;384
838;383
838.2;383
838.4;379
838.6;383
838.8;379
839;379
839.2;381
839.4;388
839.6;384
839.8;383
840;380
840.2;395
840.4;390
840.6;386
840.8;395
841;397
841.2;386
841.4;380
841.6;385
841.8;381
842;383
842.2;384
842.4;388
842.6;385
842.8;381
843;379
843.2;383
843.4;379
843.6;380
843.8;384
844;390
844.2;387
844.4;382
844.6;391
844.8;390
845;388
845.2;391
845.4;392
845.6;395
845.8;397
846;395
846.2;382
846.4;382
846.6;387
846.8;380
847;381
847.2;381
847.4;385
847.6;386
847.8;378
848;380
848.2;384
848.4;380
848.6;378
848.8;385
849;379
849.2;384
849.4;389
849.6;388
849.8;392
850;392
850.2;397
850.4;402
850.6;400
850.8;401
851;402
851.2;386
851.4;379
851.6;386
851.8;384
852;381
852.2;386
852.4;382
852.6;386
852.8;386
853;383
853.2;382
853.4;380
853.6;379
853.8;377
854;380
854.2;385
854.4;382
854.6;385
854.8;382
855;387
855.2;386
855.4;383
855.6;379
855.8;385
856;383
856.2;398
856.4;405
856.6;404
856.8;407
857;401
857.2;391
857.4;383
857.6;384
857.8;388
858;391
858.2;389
858.4;383
858.6;385
858.8;387
859;382
859.2;384
859.4;383
859.6;391
859.8;388
860;384
860.2;386
860.4;392
860.6;380
860.8;384
861;383
861.2;397
861.4;398
861.6;401
861.8;400
862;397
862.2;389
862.4;390
862.6;388
862.8;386
863;388
863.2;382
863.4;385
863.6;383
863.8;382
864;381
864.2;409
864.4;413
864.6;418
864.8;420
865;412
865.2;394
865.4;381
865.6;382
865.8;379
866;376
866.2;379
866.4;381
866.6;376
866.8;377
867;379
867.2;384
867.4;383
867.6;379
867.8;379
868;381
868.2;384
868.4;381
868.6;380
868.8;384
869;382
869.2;407
869.4;405
869.6;408
869.8;402
870;414
870.2;384
870.4;382
870.6;385
870.8;385
871;385
871.2;384
871.4;382
871.6;374
871.8;377
872;378
872.2;381
872.4;376
872.6;382
872.8;384
873;373
873.2;381
873.4;384
873.6;379
873.8;381
874;381
874.2;394
874.4;396
874.6;399
874.8;394
875;397
875.2;394
875.4;390
875.6;391
875.8;389
876;393
876.2;382
876.4;384
876.6;381
876.8;385
877;383
877.2;377
877.4;384
877.6;382
877.8;384
878;383
878.2;376
878.4;384
878.6;385
878.8;384
879;385
879.2;387
879.4;394
879.6;397
879.8;394
880;390
880.2;388
880.4;391
880.6;389
880.8;388
881;395
881.2;383
881.4;379
881.6;383
881.8;380
882;386
882.2;385
882.4;386
882.6;382
882.8;385
883;383
883.2;374
883.4;376
883.6;381
883.8;386
884;385
884.2;398
884.4;401
884.6;392
884.8;398
885;398
885.2;384
885.4;381
885.6;387
885.8;386
886;381
886.2;384
886.4;386
886.6;380
886.8;381
887;384
887.2;382
887.4;383
887.6;386
887.8;378
888;378
888.2;380
888.4;385
888.6;380
888.8;385
889;384
889.2;392
889.4;398
889.6;401
889.8;396
890;393
890.2;383
890.4;383
890.6;385
890.8;384
891;381
891.2;379
891.4;384
891.6;384
891.8;383
892;384
892.2;376
892.4;385
892.6;381
892.8;382
893;381
893.2;392
893.4;388
893.6;390
893.8;389
894;389
894.2;386
894.4;382
894.6;382
894.8;382
895;385
895.2;393
895.4;406
895.6;401
895.8;397
896;397
896.2;388
896.4;382
896.6;381
896.8;385
897;382
897.2;379
897.4;380
897.6;383
897.8;383
898;383
898.2;390
898.4;389
898.6;392
898.8;390
899;383
899.2;384
899.4;383
899.6;375
899.8;378
900;382
900.2;397
900.4;400
900.6;404
900.8;401
901;397
901.2;386
901.4;386
901.6;382
901.8;382
902;385
902.2;381
902.4;384
902.6;384
902.8;377
903;380
903.2;382
903.4;383
903.6;386
903.8;380
904;385
904.2;386
904.4;381
904.6;378
904.8;385
905;388
905.2;401
905.4;402
905.6;397
905.8;395
906;397
906.2;382
906.4;383
906.6;383
906.8;378
907;382
907.2;384
907.4;381
907.6;379
907.8;384
908;386
908.2;380
908.4;386
908.6;388
908.8;385
909;385
909.2;385
909.4;381
909.6;384
909.8;385
910;386
910.2;411
910.4;409
910.6;405
910.8;406
911;411
911.2;394
911.4;390
911.6;391
911.8;391
912;388
912.2;383
912.4;382
912.6;382
912.8;380
913;384
913.2;383
913.4;380
913.6;382
913.8;377
914;381
914.2;387
914.4;381
914.6;385
914.8;378
915;384
915.2;406
915.4;403
915.6;411
915.8;409
916;410
916.2;392
916.4;387
916.6;394
916.8;394
917;393
917.2;390
917.4;385
917.6;381
917.8;383
918;382
918.2;381
918.4;382
918.6;379
918.8;384
919;372
919.2;380
919.4;373
919.6;384
919.8;384
920;379
920.2;392
920.4;398
920.6;400
920.8;394
921;398
921.2;383
921.4;384
921.6;380
921.8;383
922;383
922.2;385
922.4;379
922.6;387
922.8;388
923;381
923.2;383
923.4;383
923.6;379
923.8;379
924;385
924.2;380
924.4;386
924.6;384
924.8;380
925;382
925.2;392
925.4;399
925.6;395
925.8;400
926;395
926.2;384
926.4;383
926.6;382
926.8;385
927;383
927.2;384
927.4;380
927.6;378
927.8;383
928;380
928.2;380
928.4;379
928.6;380
928.8;379
929;384
929.2;389
929.4;391
929.6;389
929.8;389
930;387
930.2;393
930.4;400
930.6;396
930.8;395
931;393
931.2;383
931.4;382
931.6;380
931.8;382
932;383
932.2;379
932.4;380
932.6;382
932.8;378
933;381
933.2;374
933.4;382
933.6;381
933.8;380
934;379
934.2;382
934.4;382
934.6;374
934.8;380
935;384
935.2;386
935.4;387
935.6;390
935.8;388
936;388
936.2;399
936.4;396
936.6;392
936.8;392
937;396
937.2;386
937.4;384
937.6;381
937.8;386
938;381
938.2;379
938.4;380
938.6;380
938.8;380
939;378
939.2;376
939.4;377
939.6;381
939.8;377
940;379
940.2;380
940.4;385
940.6;379
940.8;381
941;379
941.2;389
941.4;394
941.6;400
941.8;394
942;394
942.2;391
942.4;385
942.6;386
942.8;388
943;385
943.2;379
943.4;381
943.6;379
943.8;376
944;378
944.2;411
944.4;416
944.6;413
944.8;418
945;414
945.2;382
945.4;383
945.6;375
945.8;378
946;376
946.2;375
946.4;376
946.6;376
946.8;375
947;380
947.2;375
947.4;377
947.6;369
947.8;374
948;373
948.2;373
948.4;369
948.6;367
948.8;378
949;374
949.2;390
949.4;383
949.6;384
949.8;384
950;379
950.2;371
950.4;366
950.6;364
950.8;370
951;368
951.2;377
951.4;376
951.6;380
951.8;388
952;387
952.2;396
952.4;408
952.6;415
952.8;422
953;430
953.2;442
953.4;455
953.6;464
953.8;469
954;485
954.2;501
954.4;520
954.6;532
954.8;543
955;554
955.2;565
955.4;570
955.6;586
955.8;603
956;624
956.2;620
956.4;641
956.6;658
956.8;678
957;691
957.2;752
957.4;782
957.6;799
957.8;826
958;850
958.2;840
958.4;860
958.6;881
958.8;904
959;928
959.2;956
959.4;969
959.6;996
959.8;1015
960;1036
960.2;1064
960.4;1097
960.6;1112
960.8;1132
961;1152
961.2;1162
961.4;1179
961.6;1201
961.8;1213
962;1230
962.2;1248
962.4;1259
962.6;1267
962.8;1288
963;1294
963.2;1315
963.4;1332
963.6;1344
963.8;1356
964;1363
964.2;1368
964.4;1369
964.6;1380
964.8;1388
965;1392
965.2;1405
965.4;1413
965.6;1412
965.8;1426
966;1414
966.2;1427
966.4;1429
966.6;1433
966.8;1438
967;1438
967.2;1444
967.4;1441
967.6;1445
967.8;1443
968;1447
968.2;1452
968.4;1454
968.6;1460
968.8;1456
969;1461
969.2;1452
969.4;1455
969.6;1447
969.8;1456
970;1455
970.2;1454
970.4;1451
970.6;1462
970.8;1457
971;1455
971.2;1464
971.4;1467
971.6;1469
971.8;1475
972;1484
972.2;1469
972.4;1473
972.6;1477
972.8;1478
973;1488
973.2;1495
973.4;1495
973.6;1498
973.8;1504
974;1501
974.2;1502
974.4;1506
974.6;1508
974.8;1508
975;1508
975.2;1510
975.4;1507
975.6;1497
975.8;1500
976;1492
976.2;1488
976.4;1479
976.6;1478
976.8;1471
977;1454
977.2;1453
977.4;1448
977.6;1436
977.8;1424
978;1413
978.2;1397
978.4;1392
978.6;1374
978.8;1356
979;1339
979.2;1322
979.4;1307
979.6;1290
979.8;1268
980;1248
980.2;1230
980.4;1209
980.6;1180
980.8;1161
981;1139
981.2;1109
981.4;1088
981.6;1061
981.8;1038
982;1012
982.2;988
982.4;965
982.6;938
982.8;909
983;883
983.2;868
983.4;838
983.6;813
983.8;793
984;771
984.2;756
984.4;734
984.6;717
984.8;699
985;680
985.2;674
985.4;661
985.6;646
985.8;629
986;610
986.2;594
986.4;577
986.6;569
986.8;554
987;534
987.2;517
987.4;504
987.6;495
987.8;477
988;467
988.2;458
988.4;443
988.6;442
988.8;433
989;427
989.2;422
989.4;414
989.6;406
989.8;403
990;409
990.2;416
990.4;422
990.6;421
990.8;422
991;424
991.2;400
991.4;397
991.6;393
991.8;396
992;403
992.2;398
992.4;399
992.6;398
992.8;397
993;391
993.2;396
993.4;393
993.6;393
993.8;391
994;391
994.2;383
994.4;378
994.6;376
994.8;384
995;385
995.2;407
995.4;410
995.6;414
995.8;412
996;412
996.2;386
996.4;382
996.6;382
996.8;383
997;377
997.2;378
997.4;380
997.6;382
997.8;377
998;378
998.2;382
998.4;384
998.6;380
998.8;381
999;384
999.2;386
999.4;392
999.6;388
999.8;388
1000;380
1000.2;388
1000.4;392
1000.6;394
1000.8;395
1001;390
1001.2;383
1001.4;381
1001.6;380
1001.8;376
1002;377
1002.2;376
1002.4;377
1002.6;380
1002.8;381
1003;381
1003.2;376
1003.4;384
1003.6;384
1003.8;386
1004;381
1004.2;382
1004.4;378
1004.6;380
1004.8;381
1005;388
1005.2;396
1005.4;396
1005.6;396
1005.8;392
1006;398
1006.2;393
1006.4;387
1006.6;390
1006.8;391
1007;390
1007.2;381
1007.4;385
1007.6;382
1007.8;383
1008;382
1008.2;413
1008.4;420
1008.6;420
1008.8;422
1009;419
1009.2;426
1009.4;422
1009.6;426
1009.8;424
1010;421
1010.2;417
1010.4;422
1010.6;424
1010.8;421
1011;414
1011.2;392
1011.4;390
1011.6;386
1011.8;388
1012;391
1012.2;396
1012.4;393
1012.6;394
1012.8;394
1013;393
1013.2;384
1013.4;383
1013.6;389
1013.8;386
1014;384
1014.2;380
1014.4;385
1014.6;386
1014.8;387
1015;386
1015.2;401
1015.4;402
1015.6;400
1015.8;404
1016;402
1016.2;386
1016.4;387
1016.6;383
1016.8;386
1017;382
1017.2;389
1017.4;387
1017.6;386
1017.8;389
1018;385
1018.2;408
1018.4;418
1018.6;416
1018.8;414
1019;415
1019.2;416
1019.4;410
1019.6;412
1019.8;412
1020;416
1020.2;412
1020.4;416
1020.6;417
1020.8;411
1021;413
1021.2;409
1021.4;413
1021.6;414
1021.8;411
1022;406
1022.2;417
1022.4;410
1022.6;414
1022.8;420
1023;413
1023.2;410
1023.4;412
1023.6;413
1023.8;414
1024;419
1024.2;415
1024.4;416
1024.6;411
1024.8;418
1025;414
1025.2;409
1025.4;411
1025.6;410
1025.8;410
1026;409
1026.2;414
1026.4;410
1026.6;411
1026.8;407
1027;407
1027.2;418
1027.4;414
1027.6;412
1027.8;416
1028;419
1028.2;415
1028.4;413
1028.6;416
1028.8;411
1029;413
1029.2;415
1029.4;418
1029.6;420
1029.8;416
1030;418
1030.2;415
1030.4;419
1030.6;417
1030.8;415
1031;415
1031.2;414
1031.4;418
1031.6;422
1031.8;419
1032;416
1032.2;384
1032.4;379
1032.6;379
1032.8;375
1033;375
1033.2;405
1033.4;408
1033.6;407
1033.8;404
1034;404
1034.2;407
1034.4;401
1034.6;401
1034.8;397
1035;397
1035.2;407
1035.4;407
1035.6;405
1035.8;410
1036;408
1036.2;411
1036.4;421
1036.6;420
1036.8;427
1037;429
1037.2;439
1037.4;456
1037.6;455
1037.8;467
1038;475
1038.2;486
1038.4;498
1038.6;506
1038.8;515
1039;516
1039.2;531
1039.4;539
1039.6;550
1039.8;560
1040;573
1040.2;578
1040.4;590
1040.6;600
1040.8;617
1041;631
1041.2;626
1041.4;641
1041.6;660
1041.8;671
1042;690
1042.2;721
1042.4;744
1042.6;758
1042.8;782
1043;802
1043.2;842
1043.4;863
1043.6;881
1043.8;903
1044;928
1044.2;913
1044.4;931
1044.6;953
1044.8;975
1045;997
1045.2;1015
1045.4;1045
1045.6;1063
1045.8;1085
1046;1103
1046.2;1128
1046.4;1146
1046.6;1160
1046.8;1180
1047;1195
1047.2;1219
1047.4;1241
1047.6;1256
1047.8;1264
1048;1282
1048.2;1336
1048.4;1353
1048.6;1373
1048.8;1389
1049;1400
1049.2;1380
1049.4;1387
1049.6;1396
1049.8;1408
1050;1417
1050.2;1453
1050.4;1469
1050.6;1472
1050.8;1480
1051;1485
1051.2;1461
1051.4;1457
1051.6;1461
1051.8;1466
1052;1471
1052.2;1474
1052.4;1471
1052.6;1480
1052.8;1475
1053;1475
1053.2;1475
1053.4;1480
1053.6;1484
1053.8;1484
1054;1496
1054.2;1498
1054.4;1490
1054.6;1491
1054.8;1493
1055;1492
1055.2;1512
1055.4;1516
1055.6;1522
1055.8;1518
1056;1523
1056.2;1538
1056.4;1546
1056.6;1548
1056.8;1548
1057;1551
1057.2;1557
1057.4;1552
1057.6;1556
1057.8;1560
1058;1564
1058.2;1567
1058.4;1566
1058.6;1569
1058.8;1565
1059;1569
1059.2;1576
1059.4;1574
1059.6;1584
1059.8;1578
1060;1588
1060.2;1582
1060.4;1579
1060.6;1582
1060.8;1582
1061;1572
1061.2;1535
1061.4;1519
1061.6;1521
1061.8;1518
1062;1503
1062.2;1498
1062.4;1486
1062.6;1477
1062.8;1467
1063;1449
1063.2;1471
1063.4;1466
1063.6;1448
1063.8;1431
1064;1419
1064.2;1370
1064.4;1357
1064.6;1330
1064.8;1314
1065;1296
1065.2;1279
1065.4;1261
1065.6;1247
1065.8;1227
1066;1199
1066.2;1212
1066.4;1193
1066.6;1177
1066.8;1153
1067;1134
1067.2;1086
1067.4;1052
1067.6;1029
1067.8;1004
1068;979
1068.2;963
1068.4;938
1068.6;915
1068.8;896
1069;868
1069.2;877
1069.4;867
1069.6;843
1069.8;825
1070;805
1070.2;755
1070.4;729
1070.6;707
1070.8;694
1071;673
1071.2;656
1071.4;645
1071.6;622
1071.8;607
1072;591
1072.2;579
1072.4;565
1072.6;553
1072.8;542
1073;529
1073.2;512
1073.4;506
1073.6;489
1073.8;482
1074;472
1074.2;466
1074.4;465
1074.6;450
1074.8;443
1075;433
1075.2;419
1075.4;417
1075.6;414
1075.8;402
1076;404
1076.2;407
1076.4;408
1076.6;404
1076.8;404
1077;402
1077.2;401
1077.4;391
1077.6;400
1077.8;399
1078;398
1078.2;437
1078.4;442
1078.6;438
1078.8;439
1079;441
1079.2;437
1079.4;430
1079.6;433
1079.8;430
1080;428
1080.2;422
1080.4;417
1080.6;414
1080.8;412
1081;418
1081.2;426
1081.4;421
1081.6;423
1081.8;423
1082;420
1082.2;422
1082.4;429
1082.6;420
1082.8;417
1083;420
1083.2;417
1083.4;418
1083.6;418
1083.8;417
1084;413
1084.2;414
1084.4;413
1084.6;416
1084.8;417
1085;417
1085.2;413
1085.4;421
1085.6;419
1085.8;426
1086;418
1086.2;420
1086.4;419
1086.6;420
1086.8;420
1087;417
1087.2;420
1087.4;418
1087.6;418
1087.8;416
1088;415
1088.2;412
1088.4;418
1088.6;419
1088.8;416
1089;419
1089.2;423
1089.4;418
1089.6;420
1089.8;422
1090;422
1090.2;422
1090.4;422
1090.6;419
1090.8;417
1091;414
1091.2;418
1091.4;424
1091.6;422
1091.8;423
1092;420
1092.2;419
1092.4;419
1092.6;424
1092.8;416
1093;415
1093.2;423
1093.4;426
1093.6;425
1093.8;425
1094;428
1094.2;422
1094.4;425
1094.6;419
1094.8;414
1095;422
1095.2;425
1095.4;423
1095.6;424
1095.8;422
1096;427
1096.2;429
1096.4;428
1096.6;422
1096.8;427
1097;427
1097.2;430
1097.4;424
1097.6;426
1097.8;423
1098;428
1098.2;435
1098.4;429
1098.6;430
1098.8;428
1099;425
1099.2;424
1099.4;424
1099.6;426
1099.8;429
1100;425
1100.2;421
1100.4;422
1100.6;418
1100.8;425
1101;414
1101.2;423
1101.4;424
1101.6;422
1101.8;423
1102;424
1102.2;428
1102.4;429
1102.6;427
1102.8;426
1103;423
1103.2;424
1103.4;426
1103.6;420
1103.8;424
1104;419
1104.2;424
1104.4;423
1104.6;424
1104.8;420
1105;420
1105.2;428
1105.4;424
1105.6;422
1105.8;420
1106;419
1106.2;417
1106.4;419
1106.6;418
1106.8;419
1107;417
1107.2;411
1107.4;420
1107.6;418
1107.8;419
1108;419
1108.2;422
1108.4;426
1108.6;419
1108.8;428
1109;428
1109.2;425
1109.4;421
1109.6;431
1109.8;419
1110;426
1110.2;422
1110.4;422
1110.6;419
1110.8;420
1111;420
1111.2;420
1111.4;427
1111.6;417
1111.8;420
1112;417
1112.2;416
1112.4;420
1112.6;423
1112.8;427
1113;422
1113.2;419
1113.4;422
1113.6;423
1113.8;427
1114;423
1114.2;415
1114.4;421
1114.6;423
1114.8;420
1115;423
1115.2;425
1115.4;424
1115.6;423
1115.8;423
1116;424
1116.2;424
1116.4;424
1116.6;418
1116.8;422
1117;419
1117.2;420
1117.4;425
1117.6;422
1117.8;420
1118;423
1118.2;421
1118.4;422
1118.6;420
1118.8;416
1119;421
1119.2;421
1119.4;418
1119.6;418
1119.8;415
1120;419
1120.2;411
1120.4;416
1120.6;420
1120.8;412
1121;416
1121.2;407
1121.4;411
1121.6;405
1121.8;407
1122;412
1122.2;413
1122.4;419
1122.6;429
1122.8;432
1123;437
1123.2;440
1123.4;449
1123.6;456
1123.8;465
1124;471
1124.2;478
1124.4;487
1124.6;496
1124.8;504
1125;513
1125.2;525
1125.4;540
1125.6;548
1125.8;564
1126;573
1126.2;591
1126.4;608
1126.6;618
1126.8;630
1127;637
1127.2;662
1127.4;679
1127.6;693
1127.8;714
1128;734
1128.2;754
1128.4;776
1128.6;801
1128.8;819
1129;837
1129.2;830
1129.4;844
1129.6;866
1129.8;895
1130;912
1130.2;965
1130.4;1001
1130.6;1027
1130.8;1052
1131;1076
1131.2;1095
1131.4;1125
1131.6;1141
1131.8;1164
1132;1188
1132.2;1204
1132.4;1231
1132.6;1243
1132.8;1261
1133;1282
1133.2;1296
1133.4;1314
1133.6;1325
1133.8;1344
1134;1351
1134.2;1361
1134.4;1378
1134.6;1386
1134.8;1404
1135;1414
1135.2;1418
1135.4;1433
1135.6;1435
1135.8;1446
1136;1455
1136.2;1461
1136.4;1469
1136.6;1472
1136.8;1481
1137;1491
1137.2;1490
1137.4;1496
1137.6;1502
1137.8;1512
1138;1511
1138.2;1502
1138.4;1510
1138.6;1519
1138.8;1521
1139;1523
1139.2;1527
1139.4;1526
1139.6;1532
1139.8;1533
1140;1537
1140.2;1540
1140.4;1540
1140.6;1541
1140.8;1541
1141;1547
1141.2;1544
1141.4;1547
1141.6;1538
1141.8;1545
1142;1548
1142.2;1551
1142.4;1558
1142.6;1551
1142.8;1561
1143;1564
1143.2;1563
1143.4;1573
1143.6;1575
1143.8;1575
1144;1579
1144.2;1584
1144.4;1580
1144.6;1587
1144.8;1586
1145;1591
1145.2;1591
1145.4;1593
1145.6;1593
1145.8;1591
1146;1601
1146.2;1597
1146.4;1593
1146.6;1595
1146.8;1589
1147;1585
1147.2;1582
1147.4;1576
1147.6;1575
1147.8;1562
1148;1559
1148.2;1553
1148.4;1542
1148.6;1534
1148.8;1530
1149;1515
1149.2;1502
1149.4;1488
1149.6;1470
1149.8;1464
1150;1441
1150.2;1423
1150.4;1407
1150.6;1394
1150.8;1378
1151;1349
1151.2;1327
1151.4;1315
1151.6;1292
1151.8;1270
1152;1244
1152.2;1225
1152.4;1206
1152.6;1178
1152.8;1151
1153;1136
1153.2;1103
1153.4;1081
1153.6;1059
1153.8;1030
1154;1008
1154.2;980
1154.4;955
1154.6;931
1154.8;903
1155;878
1155.2;860
1155.4;838
1155.6;815
1155.8;799
1156;778
1156.2;752
1156.4;735
1156.6;726
1156.8;698
1157;693
1157.2;644
1157.4;614
1157.6;601
1157.8;588
1158;573
1158.2;556
1158.4;544
1158.6;528
1158.8;520
1159;507
1159.2;498
1159.4;481
1159.6;476
1159.8;461
1160;457
1160.2;449
1160.4;436
1160.6;427
1160.8;417
1161;414
1161.2;449
1161.4;449
1161.6;446
1161.8;451
1162;437
1162.2;401
1162.4;392
1162.6;392
1162.8;399
1163;388
1163.2;393
1163.4;399
1163.6;397
1163.8;394
1164;396
1164.2;400
1164.4;399
1164.6;397
1164.8;395
1165;386
1165.2;392
1165.4;386
1165.6;388
1165.8;386
1166;383
1166.2;426
1166.4;436
1166.6;439
1166.8;439
1167;435
1167.2;391
1167.4;378
1167.6;377
1167.8;375
1168;384
1168.2;379
1168.4;380
1168.6;380
1168.8;378
1169;380
1169.2;429
1169.4;439
1169.6;440
1169.8;439
1170;439
1170.2;393
1170.4;381
1170.6;381
1170.8;381
1171;377
1171.2;380
1171.4;385
1171.6;377
1171.8;381
1172;380
1172.2;381
1172.4;382
1172.6;376
1172.8;379
1173;375
1173.2;380
1173.4;378
1173.6;373
1173.8;377
1174;379
1174.2;417
1174.4;427
1174.6;426
1174.8;427
1175;428
1175.2;393
1175.4;385
1175.6;384
1175.8;380
1176;384
1176.2;385
1176.4;385
1176.6;387
1176.8;386
1177;384
1177.2;382
1177.4;382
1177.6;388
1177.8;379
1178;384
1178.2;388
1178.4;383
1178.6;381
1178.8;384
1179;383
1179.2;420
1179.4;434
1179.6;429
1179.8;436
1180;432
1180.2;394
1180.4;387
1180.6;389
1180.8;391
1181;386
1181.2;386
1181.4;391
1181.6;383
1181.8;389
1182;393
1182.2;390
1182.4;386
1182.6;389
1182.8;389
1183;401
1183.2;387
1183.4;390
1183.6;383
1183.8;387
1184;391
1184.2;426
1184.4;432
1184.6;435
1184.8;439
1185;434
1185.2;393
1185.4;384
1185.6;384
1185.8;387
1186;383
1186.2;385
1186.4;383
1186.6;380
1186.8;390
1187;383
1187.2;388
1187.4;390
1187.6;388
1187.8;385
1188;388
1188.2;385
1188.4;388
1188.6;385
1188.8;385
1189;385
1189.2;420
1189.4;429
1189.6;428
1189.8;434
1190;441
1190.2;430
1190.4;432
1190.6;428
1190.8;434
1191;433
1191.2;395
1191.4;382
1191.6;385
1191.8;380
1192;383
1192.2;384
1192.4;385
1192.6;387
1192.8;383
1193;389
1193.2;385
1193.4;387
1193.6;384
1193.8;383
1194;386
1194.2;384
1194.4;384
1194.6;383
1194.8;384
1195;385
1195.2;424
1195.4;429
1195.6;436
1195.8;429
1196;428
1196.2;394
1196.4;384
1196.6;384
1196.8;383
1197;388
1197.2;383
1197.4;387
1197.6;381
1197.8;388
1198;386
1198.2;381
1198.4;384
1198.6;384
1198.8;381
1199;379
1199.2;385
1199.4;383
1199.6;381
1199.8;385
1200;384
1200.2;423
1200.4;426
1200.6;423
1200.8;426
1201;427
1201.2;390
1201.4;383
1201.6;387
1201.8;386
1202;384
1202.2;383
1202.4;388
1202.6;383
1202.8;384
1203;386
1203.2;421
1203.4;431
1203.6;425
1203.8;428
1204;432
1204.2;387
1204.4;388
1204.6;386
1204.8;381
1205;383
1205.2;385
1205.4;384
1205.6;383
1205.8;386
1206;386
1206.2;386
1206.4;383
1206.6;382
1206.8;380
1207;383
1207.2;380
1207.4;385
1207.6;380
1207.8;383
1208;384
1208.2;407
1208.4;410
1208.6;407
1208.8;405
1209;407
1209.2;390
1209.4;385
1209.6;382
1209.8;387
1210;382
1210.2;385
1210.4;387
1210.6;383
1210.8;377
1211;382
1211.2;384
1211.4;381
1211.6;380
1211.8;385
1212;381
1212.2;381
1212.4;377
1212.6;382
1212.8;381
1213;382
1213.2;424
1213.4;429
1213.6;428
1213.8;432
1214;432
1214.2;389
1214.4;385
1214.6;386
1214.8;382
1215;385
1215.2;384
1215.4;381
1215.6;384
1215.8;382
1216;385
1216.2;379
1216.4;384
1216.6;384
1216.8;382
1217;381
1217.2;382
1217.4;382
1217.6;381
1217.8;384
1218;386
1218.2;418
1218.4;430
1218.6;425
1218.8;432
1219;430
1219.2;395
1219.4;387
1219.6;383
1219.8;386
1220;378
1220.2;383
1220.4;379
1220.6;384
1220.8;377
1221;386
1221.2;385
1221.4;376
1221.6;382
1221.8;385
1222;378
1222.2;382
1222.4;385
1222.6;382
1222.8;383
1223;382
1223.2;426
1223.4;436
1223.6;429
1223.8;425
1224;422
1224.2;389
1224.4;383
1224.6;384
1224.8;382
1225;390
1225.2;384
1225.4;388
1225.6;381
1225.8;382
1226;380
1226.2;419
1226.4;432
1226.6;432
1226.8;430
1227;431
1227.2;392
1227.4;380
1227.6;380
1227.8;379
1228;383
1228.2;384
1228.4;384
1228.6;382
1228.8;380
1229;384
1229.2;384
1229.4;382
1229.6;385
1229.8;381
1230;383
1230.2;383
1230.4;381
1230.6;379
1230.8;382
1231;384
1231.2;392
1231.4;392
1231.6;396
1231.8;388
1232;392
1232.2;414
1232.4;425
1232.6;420
1232.8;426
1233;417
1233.2;392
1233.4;385
1233.6;384
1233.8;384
1234;382
1234.2;380
1234.4;385
1234.6;384
1234.8;381
1235;380
1235.2;381
1235.4;383
1235.6;385
1235.8;384
1236;380
1236.2;387
1236.4;384
1236.6;385
1236.8;383
1237;382
1237.2;413
1237.4;421
1237.6;424
1237.8;424
1238;425
1238.2;394
1238.4;384
1238.6;388
1238.8;384
1239;383
1239.2;382
1239.4;384
1239.6;387
1239.8;383
1240;380
1240.2;376
1240.4;386
1240.6;380
1240.8;381
1241;387
1241.2;382
1241.4;381
1241.6;382
1241.8;383
1242;384
1242.2;407
1242.4;418
1242.6;414
1242.8;411
1243;414
1243.2;387
1243.4;383
1243.6;380
1243.8;386
1244;383
1244.2;400
1244.4;388
1244.6;388
1244.8;395
1245;390
1245.2;385
1245.4;380
1245.6;384
1245.8;382
1246;382
1246.2;379
1246.4;384
1246.6;382
1246.8;378
1247;381
1247.2;382
1247.4;383
1247.6;386
1247.8;380
1248;385
1248.2;416
1248.4;412
1248.6;413
1248.8;412
1249;420
1249.2;395
1249.4;396
1249.6;390
1249.8;392
1250;393
1250.2;386
1250.4;379
1250.6;386
1250.8;382
1251;384
1251.2;384
1251.4;383
1251.6;381
1251.8;388
1252;383
1252.2;383
1252.4;384
1252.6;384
1252.8;384
1253;382
1253.2;406
1253.4;421
1253.6;413
1253.8;417
1254;412
1254.2;392
1254.4;384
1254.6;381
1254.8;386
1255;383
1255.2;383
1255.4;384
1255.6;386
1255.8;382
1256;383
1256.2;383
1256.4;388
1256.6;382
1256.8;384
1257;382
1257.2;382
1257.4;385
1257.6;384
1257.8;381
1258;388
1258.2;399
1258.4;404
1258.6;405
1258.8;405
1259;406
1259.2;391
1259.4;383
1259.6;384
1259.8;377
1260;381
1260.2;387
1260.4;383
1260.6;382
1260.8;382
1261;384
1261.2;387
1261.4;381
1261.6;382
1261.8;381
1262;385
1262.2;391
1262.4;393
1262.6;397
1262.8;394
1263;396
1263.2;399
1263.4;401
1263.6;399
1263.8;402
1264;401
1264.2;390
1264.4;378
1264.6;383
1264.8;381
1265;379
1265.2;379
1265.4;381
1265.6;378
1265.8;384
1266;385
1266.2;384
1266.4;385
1266.6;382
1266.8;385
1267;384
1267.2;384
1267.4;380
1267.6;381
1267.8;380
1268;384
1268.2;392
1268.4;392
1268.6;398
1268.8;394
1269;395
1269.2;388
1269.4;383
1269.6;382
1269.8;384
1270;383
1270.2;387
1270.4;383
1270.6;384
1270.8;381
1271;380
1271.2;385
1271.4;383
1271.6;379
1271.8;382
1272;384
1272.2;387
1272.4;384
1272.6;381
1272.8;383
1273;384
1273.2;396
1273.4;400
1273.6;398
1273.8;399
1274;396
1274.2;387
1274.4;383
1274.6;383
1274.8;383
1275;381
1275.2;390
1275.4;394
1275.6;387
1275.8;392
1276;390
1276.2;384
1276.4;386
1276.6;382
1276.8;385
1277;384
1277.2;381
1277.4;385
1277.6;382
1277.8;385
1278;382
1278.2;393
1278.4;398
1278.6;400
1278.8;396
1279;398
1279.2;386
1279.4;384
1279.6;385
1279.8;383
1280;384
1280.2;392
1280.4;396
1280.6;388
1280.8;389
1281;392
1281.2;386
1281.4;384
1281.6;380
1281.8;386
1282;386
1282.2;382
1282.4;384
1282.6;382
1282.8;381
1283;381
1283.2;399
1283.4;397
1283.6;400
1283.8;397
1284;398
1284.2;388
1284.4;379
1284.6;379
1284.8;378
1285;380
1285.2;382
1285.4;380
1285.6;382
1285.8;383
1286;381
1286.2;381
1286.4;379
1286.6;381
1286.8;381
1287;385
1287.2;383
1287.4;382
1287.6;383
1287.8;375
1288;386
1288.2;391
1288.4;398
1288.6;398
1288.8;398
1289;405
1289.2;387
1289.4;385
1289.6;378
1289.8;379
1290;385
1290.2;376
1290.4;383
1290.6;385
1290.8;384
1291;379
1291.2;381
1291.4;375
1291.6;382
1291.8;374
1292;384
1292.2;377
1292.4;377
1292.6;380
1292.8;378
1293;383
1293.2;390
1293.4;388
1293.6;386
1293.8;391
1294;388
1294.2;393
1294.4;384
1294.6;381
1294.8;381
1295;384
1295.2;380
1295.4;385
1295.6;385
1295.8;382
1296;383
1296.2;397
1296.4;401
1296.6;394
1296.8;394
1297;397
1297.2;384
1297.4;389
1297.6;382
1297.8;380
1298;381
1298.2;390
1298.4;394
1298.6;393
1298.8;394
1299;396
1299.2;423
1299.4;434
1299.6;427
1299.8;428
1300;422
1300.2;425
1300.4;427
1300.6;432
1300.8;421
1301;427
1301.2;416
1301.4;398
1301.6;399
1301.8;406
1302;400
1302.2;382
1302.4;384
1302.6;383
1302.8;384
1303;380
1303.2;376
1303.4;382
1303.6;386
1303.8;384
1304;383
1304.2;405
1304.4;411
1304.6;417
1304.8;416
1305;417
1305.2;391
1305.4;388
1305.6;382
1305.8;378
1306;379
1306.2;379
1306.4;383
1306.6;381
1306.8;378
1307;385
1307.2;386
1307.4;381
1307.6;379
1307.8;374
1308;380
1308.2;381
1308.4;382
1308.6;383
1308.8;382
1309;384
1309.2;394
1309.4;397
1309.6;402
1309.8;396
1310;403
1310.2;386
1310.4;380
1310.6;379
1310.8;375
1311;381
1311.2;382
1311.4;396
1311.6;387
1311.8;394
1312;396
1312.2;380
1312.4;384
1312.6;380
1312.8;380
1313;381
1313.2;375
1313.4;381
1313.6;383
1313.8;381
1314;380
1314.2;396
1314.4;400
1314.6;400
1314.8;406
1315;397
1315.2;384
1315.4;380
1315.6;380
1315.8;379
1316;381
1316.2;396
1316.4;391
1316.6;387
1316.8;389
1317;388
1317.2;382
1317.4;381
1317.6;383
1317.8;380
1318;382
1318.2;381
1318.4;381
1318.6;375
1318.8;386
1319;386
1319.2;395
1319.4;397
1319.6;395
1319.8;402
1320;401
1320.2;385
1320.4;373
1320.6;382
1320.8;384
1321;383
1321.2;380
1321.4;386
1321.6;379
1321.8;380
1322;382
1322.2;381
1322.4;378
1322.6;380
1322.8;382
1323;382
1323.2;382
1323.4;380
1323.6;383
1323.8;381
1324;376
1324.2;386
1324.4;389
1324.6;383
1324.8;391
1325;386
1325.2;389
1325.4;380
1325.6;382
1325.8;382
1326;374
1326.2;381
1326.4;379
1326.6;381
1326.8;383
1327;381
1327.2;386
1327.4;382
1327.6;381
1327.8;378
1328;381
1328.2;380
1328.4;383
1328.6;380
1328.8;377
1329;377
1329.2;391
1329.4;391
1329.6;387
1329.8;401
1330;395
1330.2;387
1330.4;394
1330.6;389
1330.8;388
1331;389
1331.2;384
1331.4;382
1331.6;384
1331.8;381
1332;377
1332.2;380
1332.4;379
1332.6;385
1332.8;381
1333;381
1333.2;379
1333.4;376
1333.6;384
1333.8;377
1334;380
1334.2;388
1334.4;391
1334.6;393
1334.8;394
1335;390
1335.2;397
1335.4;404
1335.6;405
1335.8;399
1336;399
1336.2;385
1336.4;385
1336.6;384
1336.8;383
1337;383
1337.2;384
1337.4;382
1337.6;381
1337.8;380
1338;384
1338.2;382
1338.4;382
1338.6;381
1338.8;382
1339;387
1339.2;382
1339.4;378
1339.6;378
1339.8;386
1340;379
1340.2;401
1340.4;407
1340.6;410
1340.8;406
1341;406
1341.2;386
1341.4;382
1341.6;382
1341.8;380
1342;386
1342.2;381
1342.4;378
1342.6;375
1342.8;383
1343;377
1343.2;382
1343.4;381
1343.6;384
1343.8;375
1344;376
1344.2;378
1344.4;380
1344.6;378
1344.8;376
1345;378
1345.2;404
1345.4;403
1345.6;403
1345.8;407
1346;411
1346.2;385
1346.4;382
1346.6;381
1346.8;381
1347;386
1347.2;389
1347.4;394
1347.6;392
1347.8;391
1348;389
1348.2;380
1348.4;378
1348.6;381
1348.8;382
1349;382
1349.2;376
1349.4;384
1349.6;386
1349.8;380
1350;380
1350.2;404
1350.4;410
1350.6;402
1350.8;401
1351;405
1351.2;386
1351.4;381
1351.6;382
1351.8;381
1352;382
1352.2;389
1352.4;390
1352.6;398
1352.8;393
1353;393
1353.2;384
1353.4;382
1353.6;385
1353.8;375
1354;382
1354.2;387
1354.4;379
1354.6;385
1354.8;382
1355;382
1355.2;394
1355.4;392
1355.6;389
1355.8;390
1356;386
1356.2;388
1356.4;378
1356.6;378
1356.8;384
1357;382
1357.2;379
1357.4;378
1357.6;383
1357.8;378
1358;379
1358.2;400
1358.4;403
1358.6;403
1358.8;403
1359;408
1359.2;387
1359.4;383
1359.6;387
1359.8;379
1360;381
1360.2;396
1360.4;410
1360.6;410
1360.8;406
1361;406
1361.2;386
1361.4;380
1361.6;382
1361.8;376
1362;380
1362.2;375
1362.4;382
1362.6;384
1362.8;379
1363;384
1363.2;378
1363.4;379
1363.6;384
1363.8;379
1364;381
1364.2;380
1364.4;380
1364.6;379
1364.8;378
1365;379
1365.2;393
1365.4;392
1365.6;392
1365.8;391
1366;393
1366.2;412
1366.4;411
1366.6;412
1366.8;410
1367;415
1367.2;411
1367.4;413
1367.6;409
1367.8;408
1368;408
1368.2;409
1368.4;412
1368.6;408
1368.8;419
1369;412
1369.2;412
1369.4;419
1369.6;419
1369.8;415
1370;419
1370.2;389
1370.4;381
1370.6;379
1370.8;380
1371;376
1371.2;388
1371.4;389
1371.6;391
1371.8;393
1372;390
1372.2;392
1372.4;377
1372.6;379
1372.8;378
1373;384
1373.2;380
1373.4;381
1373.6;385
1373.8;381
1374;375
1374.2;381
1374.4;381
1374.6;380
1374.8;379
1375;384
1375.2;379
1375.4;379
1375.6;378
1375.8;388
1376;380
1376.2;405
1376.4;413
1376.6;412
1376.8;413
1377;411
1377.2;389
1377.4;382
1377.6;381
1377.8;382
1378;388
1378.2;388
1378.4;387
1378.6;387
1378.8;393
1379;389
1379.2;387
1379.4;379
1379.6;377
1379.8;380
1380;381
1380.2;396
1380.4;409
1380.6;401
1380.8;399
1381;398
1381.2;381
1381.4;382
1381.6;381
1381.8;377
1382;382
1382.2;375
1382.4;379
1382.6;375
1382.8;381
1383;376
1383.2;395
1383.4;404
1383.6;402
1383.8;400
1384;395
1384.2;385
1384.4;376
1384.6;380
1384.8;381
1385;384
1385.2;380
1385.4;379
1385.6;382
1385.8;380
1386;382
1386.2;398
1386.4;400
1386.6;409
1386.8;408
1387;403
1387.2;389
1387.4;377
1387.6;377
1387.8;378
1388;382
1388.2;377
1388.4;377
1388.6;381
1388.8;380
1389;377
1389.2;387
1389.4;385
1389.6;379
1389.8;374
1390;382
1390.2;378
1390.4;378
1390.6;378
1390.8;383
1391;380
1391.2;385
1391.4;385
1391.6;383
1391.8;391
1392;388
1392.2;386
1392.4;395
1392.6;395
1392.8;396
1393;396
1393.2;382
1393.4;378
1393.6;379
1393.8;382
1394;380
1394.2;382
1394.4;376
1394.6;378
1394.8;380
1395;377
1395.2;382
1395.4;380
1395.6;382
1395.8;381
1396;381
1396.2;378
1396.4;384
1396.6;375
1396.8;377
1397;382
1397.2;399
1397.4;405
1397.6;406
1397.8;408
1398;401
1398.2;387
1398.4;388
1398.6;388
1398.8;390
1399;385
1399.2;381
1399.4;379
1399.6;380
1399.8;380
1400;383
1400.2;378
1400.4;383
1400.6;379
1400.8;381
1401;382
1401.2;381
1401.4;384
1401.6;382
1401.8;379
1402;380
1402.2;404
1402.4;409
1402.6;400
1402.8;400
1403;403
1403.2;395
1403.4;379
1403.6;378
1403.8;378
1404;379
1404.2;389
1404.4;391
1404.6;387
1404.8;386
1405;379
1405.2;385
1405.4;378
1405.6;378
1405.8;376
1406;382
1406.2;378
1406.4;381
1406.6;376
1406.8;376
1407;379
1407.2;398
1407.4;407
1407.6;406
1407.8;403
1408;402
1408.2;384
1408.4;379
1408.6;379
1408.8;379
1409;381
1409.2;386
1409.4;384
1409.6;385
1409.8;382
1410;387
1410.2;384
1410.4;379
1410.6;378
1410.8;381
1411;378
1411.2;379
1411.4;386
1411.6;388
1411.8;388
1412;383
1412.2;397
1412.4;397
1412.6;393
1412.8;397
1413;393
1413.2;378
1413.4;381
1413.6;384
1413.8;383
1414;379
1414.2;381
1414.4;376
1414.6;376
1414.8;378
1415;382
1415.2;378
1415.4;374
1415.6;383
1415.8;378
1416;378
1416.2;378
1416.4;380
1416.6;381
1416.8;380
1417;382
1417.2;382
1417.4;393
1417.6;391
1417.8;390
1418;385
1418.2;397
1418.4;393
1418.6;394
1418.8;395
1419;398
1419.2;384
1419.4;383
1419.6;386
1419.8;380
1420;382
1420.2;379
1420.4;375
1420.6;377
1420.8;379
1421;379
1421.2;377
1421.4;380
1421.6;378
1421.8;376
1422;382
1422.2;384
1422.4;377
1422.6;378
1422.8;379
1423;380
1423.2;387
1423.4;395
1423.6;389
1423.8;398
1424;400
1424.2;393
1424.4;383
1424.6;385
1424.8;388
1425;387
1425.2;383
1425.4;378
1425.6;386
1425.8;382
1426;384
1426.2;412
1426.4;417
1426.6;418
1426.8;424
1427;414
1427.2;418
1427.4;413
1427.6;413
1427.8;411
1428;415
1428.2;418
1428.4;416
1428.6;422
1428.8;426
1429;421
1429.2;425
1429.4;422
1429.6;418
1429.8;420
1430;422
1430.2;417
1430.4;423
1430.6;413
1430.8;415
1431;415
1431.2;418
1431.4;416
1431.6;420
1431.8;416
1432;416
1432.2;418
1432.4;420
1432.6;424
1432.8;416
1433;418
1433.2;423
1433.4;422
1433.6;417
1433.8;421
1434;418
1434.2;417
1434.4;416
1434.6;410
1434.8;419
1435;416
1435.2;383
1435.4;379
1435.6;381
1435.8;380
1436;379
1436.2;405
1436.4;420
1436.6;413
1436.8;419
1437;413
1437.2;423
1437.4;423
1437.6;421
1437.8;418
1438;424
1438.2;426
1438.4;418
1438.6;416
1438.8;416
1439;415
1439.2;420
1439.4;419
1439.6;422
1439.8;422
1440;420
1440.2;417
1440.4;417
1440.6;416
1440.8;411
1441;414
1441.2;418
1441.4;415
1441.6;418
1441.8;421
1442;418
1442.2;424
1442.4;419
1442.6;425
1442.8;422
1443;418
1443.2;422
1443.4;419
1443.6;417
1443.8;421
1444;421
1444.2;416
1444.4;423
1444.6;415
1444.8;416
1445;413
1445.2;415
1445.4;414
1445.6;417
1445.8;416
1446;414
1446.2;416
1446.4;418
1446.6;417
1446.8;413
1447;411
1447.2;417
1447.4;415
1447.6;416
1447.8;416
1448;416
1448.2;424
1448.4;420
1448.6;421
1448.8;419
1449;425
1449.2;424
1449.4;418
1449.6;427
1449.8;417
1450;421
1450.2;413
1450.4;410
1450.6;421
1450.8;420
1451;419
1451.2;418
1451.4;417
1451.6;418
1451.8;419
1452;418
1452.2;422
1452.4;421
1452.6;415
1452.8;415
1453;416
1453.2;417
1453.4;418
1453.6;422
1453.8;418
1454;420
1454.2;418
1454.4;415
1454.6;413
1454.8;416
1455;418
1455.2;418
1455.4;414
1455.6;416
1455.8;423
1456;422
1456.2;422
1456.4;418
1456.6;416
1456.8;418
1457;413
1457.2;417
1457.4;417
1457.6;418
1457.8;426
1458;413
1458.2;419
1458.4;425
1458.6;422
1458.8;427
1459;424
1459.2;425
1459.4;422
1459.6;421
1459.8;423
1460;428
1460.2;413
1460.4;417
1460.6;416
1460.8;416
1461;412
1461.2;415
1461.4;410
1461.6;414
1461.8;417
1462;415
1462.2;418
1462.4;425
1462.6;420
1462.8;420
1463;420
1463.2;405
1463.4;397
1463.6;397
1463.8;397
1464;393
1464.2;399
1464.4;392
1464.6;395
1464.8;397
1465;394
1465.2;425
1465.4;435
1465.6;429
1465.8;438
1466;439
1466.2;430
1466.4;419
1466.6;421
1466.8;419
1467;417
1467.2;418
1467.4;417
1467.6;416
1467.8;419
1468;417
1468.2;419
1468.4;422
1468.6;421
1468.8;425
1469;420
1469.2;419
1469.4;427
1469.6;427
1469.8;424
1470;425
1470.2;420
1470.4;425
1470.6;422
1470.8;423
1471;417
1471.2;392
1471.4;380
1471.6;380
1471.8;379
1472;377
1472.2;373
1472.4;383
1472.6;384
1472.8;378
1473;378
1473.2;380
1473.4;384
1473.6;379
1473.8;381
1474;380
1474.2;382
1474.4;380
1474.6;386
1474.8;379
1475;384
1475.2;412
1475.4;419
1475.6;413
1475.8;417
1476;417
1476.2;419
1476.4;419
1476.6;417
1476.8;420
1477;422
1477.2;422
1477.4;419
1477.6;424
1477.8;423
1478;423
1478.2;423
1478.4;426
1478.6;423
1478.8;423
1479;422
1479.2;424
1479.4;424
1479.6;424
1479.8;419
1480;418
1480.2;389
1480.4;383
1480.6;380
1480.8;377
1481;374
1481.2;380
1481.4;385
1481.6;375
1481.8;378
1482;385
1482.2;378
1482.4;385
1482.6;378
1482.8;384
1483;377
1483.2;378
1483.4;385
1483.6;386
1483.8;380
1484;385
1484.2;418
1484.4;434
1484.6;431
1484.8;434
1485;438
1485.2;390
1485.4;380
1485.6;380
1485.8;380
1486;378
1486.2;385
1486.4;378
1486.6;382
1486.8;382
1487;379
1487.2;380
1487.4;380
1487.6;380
1487.8;380
1488;382
1488.2;415
1488.4;426
1488.6;431
1488.8;423
1489;427
1489.2;394
1489.4;379
1489.6;380
1489.8;380
1490;377
1490.2;374
1490.4;378
1490.6;375
1490.8;381
1491;381
1491.2;383
1491.4;381
1491.6;383
1491.8;385
1492;382
1492.2;418
1492.4;422
1492.6;428
1492.8;428
1493;426
1493.2;427
1493.4;424
1493.6;424
1493.8;425
1494;423
1494.2;425
1494.4;426
1494.6;423
1494.8;425
1495;423
1495.2;417
1495.4;418
1495.6;425
1495.8;416
1496;415
1496.2;414
1496.4;421
1496.6;418
1496.8;416
1497;417
1497.2;418
1497.4;418
1497.6;414
1497.8;426
1498;418
1498.2;425
1498.4;420
1498.6;423
1498.8;425
1499;425
1499.2;421
1499.4;422
1499.6;414
1499.8;415
1500;421
1500.2;420
1500.4;426
1500.6;422
1500.8;422
1501;427
1501.2;422
1501.4;422
1501.6;425
1501.8;429
1502;424
1502.2;419
1502.4;420
1502.6;418
1502.8;419
1503;416
1503.2;422
1503.4;416
1503.6;420
1503.8;422
1504;419
1504.2;419
1504.4;419
1504.6;420
1504.8;417
1505;420
1505.2;419
1505.4;421
1505.6;413
1505.8;424
1506;419
1506.2;421
1506.4;416
1506.6;414
1506.8;417
1507;418
1507.2;417
1507.4;421
1507.6;419
1507.8;416
1508;418
1508.2;423
1508.4;419
1508.6;419
1508.8;419
1509;421
1509.2;422
1509.4;422
1509.6;420
1509.8;425
1510;423
1510.2;420
1510.4;419
1510.6;415
1510.8;420
1511;418
1511.2;417
1511.4;412
1511.6;421
1511.8;418
1512;412
1512.2;420
1512.4;418
1512.6;422
1512.8;421
1513;418
1513.2;419
1513.4;415
1513.6;423
1513.8;421
1514;425
1514.2;417
1514.4;414
1514.6;419
1514.8;416
1515;416
1515.2;416
1515.4;412
1515.6;419
1515.8;422
1516;414
1516.2;419
1516.4;419
1516.6;415
1516.8;418
1517;426
1517.2;416
1517.4;416
1517.6;417
1517.8;414
1518;416
1518.2;422
1518.4;423
1518.6;416
1518.8;418
1519;422
1519.2;421
1519.4;421
1519.6;420
1519.8;419
1520;428
1520.2;422
1520.4;418
1520.6;420
1520.8;419
1521;419
1521.2;410
1521.4;421
1521.6;416
1521.8;413
1522;409
1522.2;420
1522.4;422
1522.6;422
1522.8;419
1523;419
1523.2;418
1523.4;420
1523.6;419
1523.8;421
1524;418
1524.2;417
1524.4;417
1524.6;421
1524.8;417
1525;414
1525.2;415
1525.4;414
1525.6;417
1525.8;418
1526;421
1526.2;421
1526.4;421
1526.6;415
1526.8;418
1527;413
1527.2;413
1527.4;416
1527.6;418
1527.8;418
1528;416
1528.2;420
1528.4;420
1528.6;425
1528.8;420
1529;421
1529.2;421
1529.4;424
1529.6;422
1529.8;424
1530;417
1530.2;427
1530.4;414
1530.6;421
1530.8;418
1531;416
1531.2;417
1531.4;418
1531.6;412
1531.8;416
1532;419
1532.2;421
1532.4;420
1532.6;421
1532.8;414
1533;419
1533.2;420
1533.4;425
1533.6;424
1533.8;421
1534;424
1534.2;422
1534.4;421
1534.6;421
1534.8;417
1535;416
1535.2;416
1535.4;414
1535.6;420
1535.8;419
1536;415
1536.2;421
1536.4;421
1536.6;419
1536.8;415
1537;418
1537.2;410
1537.4;414
1537.6;420
1537.8;417
1538;420
1538.2;415
1538.4;421
1538.6;418
1538.8;424
1539;419
1539.2;424
1539.4;419
1539.6;422
1539.8;424
1540;421
1540.2;418
1540.4;420
1540.6;423
1540.8;417
1541;415
1541.2;417
1541.4;416
1541.6;415
1541.8;416
1542;422
1542.2;421
1542.4;423
1542.6;426
1542.8;426
1543;422
1543.2;421
1543.4;422
1543.6;423
1543.8;423
1544;421
1544.2;419
1544.4;418
1544.6;415
1544.8;418
1545;416
1545.2;419
1545.4;417
1545.6;417
1545.8;418
1546;416
1546.2;418
1546.4;417
1546.6;419
1546.8;419
1547;421
1547.2;421
1547.4;419
1547.6;415
1547.8;423
1548;418
1548.2;419
1548.4;422
1548.6;426
1548.8;424
1549;426
1549.2;415
1549.4;422
1549.6;420
1549.8;421
1550;423
1550.2;417
1550.4;422
1550.6;410
1550.8;420
1551;419
1551.2;417
1551.4;419
1551.6;420
1551.8;420
1552;410
1552.2;423
1552.4;425
1552.6;423
1552.8;423
1553;429
1553.2;423
1553.4;422
1553.6;422
1553.8;423
1554;423
1554.2;420
1554.4;420
1554.6;417
1554.8;416
1555;421
1555.2;417
1555.4;419
1555.6;420
1555.8;414
1556;418
1556.2;418
1556.4;414
1556.6;423
1556.8;420
1557;410
1557.2;417
1557.4;421
1557.6;415
1557.8;420
1558;413
1558.2;424
1558.4;424
1558.6;426
1558.8;424
1559;422
1559.2;425
1559.4;423
1559.6;430
1559.8;426
1560;423
1560.2;425
1560.4;423
1560.6;418
1560.8;422
1561;419
1561.2;424
1561.4;420
1561.6;422
1561.8;417
1562;424
1562.2;421
1562.4;423
1562.6;421
1562.8;424
1563;429
1563.2;426
1563.4;423
1563.6;420
1563.8;425
1564;423
1564.2;416
1564.4;420
1564.6;416
1564.8;422
1565;418
1565.2;423
1565.4;422
1565.6;425
1565.8;425
1566;423
1566.2;426
1566.4;426
1566.6;422
1566.8;420
1567;417
1567.2;422
1567.4;421
1567.6;424
1567.8;423
1568;418
1568.2;429
1568.4;426
1568.6;425
1568.8;426
1569;425
1569.2;424
1569.4;425
1569.6;427
1569.8;427
1570;422
1570.2;420
1570.4;420
1570.6;426
1570.8;424
1571;421
1571.2;417
1571.4;421
1571.6;421
1571.8;420
1572;418
1572.2;419
1572.4;419
1572.6;424
1572.8;427
1573;421
1573.2;426
1573.4;424
1573.6;425
1573.8;424
1574;430
1574.2;425
1574.4;421
1574.6;426
1574.8;422
1575;428
1575.2;421
1575.4;425
1575.6;424
1575.8;423
1576;425
1576.2;418
1576.4;421
1576.6;423
1576.8;424
1577;426
1577.2;423
1577.4;421
1577.6;423
1577.8;423
1578;423
1578.2;420
1578.4;425
1578.6;422
1578.8;425
1579;418
1579.2;423
1579.4;427
1579.6;423
1579.8;428
1580;427
1580.2;418
1580.4;419
1580.6;416
1580.8;419
1581;418
1581.2;416
1581.4;419
1581.6;409
1581.8;416
1582;420
1582.2;418
1582.4;425
1582.6;423
1582.8;420
1583;418
1583.2;420
1583.4;419
1583.6;422
1583.8;417
1584;419
1584.2;415
1584.4;418
1584.6;416
1584.8;411
1585;416
1585.2;418
1585.4;419
1585.6;419
1585.8;416
1586;416
1586.2;416
1586.4;416
1586.6;418
1586.8;412
1587;417
1587.2;420
1587.4;414
1587.6;413
1587.8;418
1588;420
1588.2;389
1588.4;382
1588.6;384
1588.8;380
1589;383
1589.2;413
1589.4;419
1589.6;417
1589.8;420
1590;422
1590.2;420
1590.4;421
1590.6;417
1590.8;420
1591;418
1591.2;421
1591.4;418
1591.6;414
1591.8;422
1592;420
1592.2;423
1592.4;423
1592.6;423
1592.8;421
1593;417
1593.2;419
1593.4;423
1593.6;423
1593.8;424
1594;423
1594.2;422
1594.4;415
1594.6;418
1594.8;415
1595;415
1595.2;413
1595.4;420
1595.6;416
1595.8;418
1596;420
1596.2;418
1596.4;417
1596.6;422
1596.8;425
1597;420
1597.2;421
1597.4;418
1597.6;418
1597.8;422
1598;417
1598.2;419
1598.4;422
1598.6;423
1598.8;422
1599;419
1599.2;422
1599.4;420
1599.6;422
1599.8;421
1600;420
1600.2;424
1600.4;422
1600.6;416
1600.8;419
1601;419
1601.2;418
1601.4;419
1601.6;422
1601.8;419
1602;424
1602.2;420
1602.4;414
1602.6;419
1602.8;424
1603;419
1603.2;422
1603.4;427
1603.6;430
1603.8;425
1604;420
1604.2;422
1604.4;422
1604.6;418
1604.8;420
1605;416
1605.2;420
1605.4;419
1605.6;417
1605.8;417
1606;414
1606.2;413
1606.4;415
1606.6;417
1606.8;417
1607;418
1607.2;417
1607.4;421
1607.6;417
1607.8;418
1608;417
1608.2;421
1608.4;421
1608.6;426
1608.8;423
1609;423
1609.2;423
1609.4;426
1609.6;419
1609.8;423
1610;425
1610.2;416
1610.4;415
1610.6;417
1610.8;415
1611;418
1611.2;424
1611.4;422
1611.6;422
1611.8;424
1612;422
1612.2;423
1612.4;425
1612.6;425
1612.8;431
1613;423
1613.2;418
1613.4;421
1613.6;425
1613.8;425
1614;426
1614.2;422
1614.4;411
1614.6;420
1614.8;414
1615;414
1615.2;414
1615.4;417
1615.6;422
1615.8;419
1616;415
1616.2;421
1616.4;418
1616.6;418
1616.8;418
1617;419
1617.2;423
1617.4;420
1617.6;416
1617.8;422
1618;418
1618.2;419
1618.4;419
1618.6;410
1618.8;414
1619;418
1619.2;426
1619.4;424
1619.6;426
1619.8;429
1620;424
1620.2;419
1620.4;416
1620.6;415
1620.8;416
1621;420
1621.2;414
1621.4;419
1621.6;417
1621.8;421
1622;421
1622.2;417
1622.4;422
1622.6;424
1622.8;429
1623;423
1623.2;420
1623.4;419
1623.6;425
1623.8;430
1624;418
1624.2;421
1624.4;414
1624.6;419
1624.8;421
1625;420
1625.2;425
1625.4;423
1625.6;425
1625.8;420
1626;420
1626.2;424
1626.4;423
1626.6;424
1626.8;422
1627;426
1627.2;425
1627.4;419
1627.6;420
1627.8;419
1628;424
1628.2;423
1628.4;423
1628.6;422
1628.8;422
1629;417
1629.2;422
1629.4;422
1629.6;424
1629.8;418
1630;422
1630.2;421
1630.4;414
1630.6;418
1630.8;420
1631;420
1631.2;422
1631.4;417
1631.6;418
1631.8;422
1632;420
1632.2;422
1632.4;422
1632.6;423
1632.8;424
1633;422
1633.2;423
1633.4;428
1633.6;425
1633.8;417
1634;419
1634.2;420
1634.4;422
1634.6;425
1634.8;421
1635;422
1635.2;419
1635.4;416
1635.6;416
1635.8;420
1636;416
1636.2;417
1636.4;419
1636.6;417
1636.8;419
1637;424
1637.2;419
1637.4;417
1637.6;422
1637.8;421
1638;419
1638.2;423
1638.4;424
1638.6;426
1638.8;423
1639;419
1639.2;393
1639.4;382
1639.6;381
1639.8;386
1640;376
1640.2;411
1640.4;422
1640.6;423
1640.8;422
1641;421
1641.2;420
1641.4;421
1641.6;425
1641.8;418
1642;421
1642.2;424
1642.4;422
1642.6;423
1642.8;426
1643;421
1643.2;426
1643.4;418
1643.6;424
1643.8;420
1644;428
1644.2;424
1644.4;420
1644.6;420
1644.8;421
1645;415
1645.2;387
1645.4;379
1645.6;377
1645.8;380
1646;377
1646.2;412
1646.4;418
1646.6;420
1646.8;423
1647;420
1647.2;416
1647.4;420
1647.6;419
1647.8;419
1648;413
1648.2;422
1648.4;425
1648.6;420
1648.8;423
1649;426
1649.2;421
1649.4;424
1649.6;430
1649.8;429
1650;427
1650.2;424
1650.4;429
1650.6;425
1650.8;425
1651;429
1651.2;426
1651.4;422
1651.6;421
1651.8;426
1652;415
1652.2;428
1652.4;425
1652.6;425
1652.8;425
1653;429
1653.2;426
1653.4;424
1653.6;421
1653.8;422
1654;423
1654.2;427
1654.4;420
1654.6;420
1654.8;421
1655;424
1655.2;420
1655.4;422
1655.6;416
1655.8;423
1656;416
1656.2;425
1656.4;422
1656.6;421
1656.8;429
1657;423
1657.2;424
1657.4;420
1657.6;418
1657.8;421
1658;421
1658.2;422
1658.4;422
1658.6;423
1658.8;418
1659;425
1659.2;424
1659.4;423
1659.6;421
1659.8;427
1660;425
1660.2;420
1660.4;418
1660.6;417
1660.8;421
1661;420
1661.2;420
1661.4;418
1661.6;426
1661.8;417
1662;418
1662.2;422
1662.4;422
1662.6;422
1662.8;423
1663;423
1663.2;419
1663.4;423
1663.6;422
1663.8;422
1664;427
1664.2;419
1664.4;416
1664.6;422
1664.8;409
1665;419
1665.2;418
1665.4;421
1665.6;422
1665.8;420
1666;418
